bola1,bola2,bola3,bola4,bola5
35,20,71,42,38
22,68,31,36,15
74,2,66,6,60
65,66,30,32,73
70,78,51,76,62
7,61,41,29,69
16,5,79,19,62
63,4,31,36,34
23,67,27,37,8
29,70,47,33,59
44,57,24,66,13
7,71,17,64,38
28,32,63,60,55
62,71,31,8,10
2,63,4,21,37
36,5,42,46,20
70,39,75,60,11
22,65,63,52,7
40,5,4,1,35
21,4,33,46,45
26,8,57,70,37
79,7,38,51,22
23,12,9,37,44
41,34,66,54,44
64,65,22,18,38
73,43,24,65,28
42,20,43,57,49
21,18,64,80,66
11,59,26,68,25
76,41,24,78,47
29,2,33,46,20
16,69,22,10,76
15,16,7,61,62
76,40,68,29,24
22,47,30,29,74
64,76,45,36,24
21,4,14,33,39
77,59,47,11,41
28,52,46,25,14
45,40,15,56,63
35,4,45,2,79
74,75,11,59,16
44,35,76,42,70
42,77,12,3,36
61,49,1,59,7
59,76,9,39,56
57,49,75,7,44
50,63,1,2,18
44,65,24,17,16
69,73,76,40,1
25,34,26,5,6
3,26,19,43,74
20,68,50,1,63
36,27,17,61,29
4,66,56,50,7
32,35,69,29,78
24,78,14,69,38
32,50,41,61,64
28,3,46,34,37
22,18,16,6,75
33,75,50,77,57
55,30,12,4,45
17,13,16,24,4
3,80,35,25,19
69,78,73,55,42
34,55,29,12,78
79,7,23,5,75
19,42,64,13,58
75,28,56,70,30
58,68,77,11,16
48,16,52,66,35
60,34,48,14,47
13,43,2,40,70
43,34,60,18,65
8,55,5,10,80
57,3,21,49,26
30,68,79,74,21
78,54,47,38,57
18,28,16,14,35
12,26,18,27,17
15,6,8,24,20
22,19,53,11,4
17,34,69,62,5
54,20,29,39,23
66,55,46,57,31
5,80,51,73,72
74,34,2,61,37
17,21,31,19,57
54,66,52,49,45
15,25,60,6,23
72,55,47,80,43
38,24,17,4,15
13,24,36,38,54
51,2,1,40,64
58,20,57,3,15
45,36,46,24,20
60,24,30,33,69
39,9,66,71,12
6,50,13,8,34
33,71,26,28,63
33,3,80,19,58
58,8,63,32,1
15,67,23,41,47
53,56,14,29,13
34,2,11,53,36
66,74,20,17,57
79,23,21,4,29
55,64,44,53,61
28,17,68,63,65
46,77,59,53,8
55,40,5,73,24
32,37,35,65,66
48,25,35,21,28
37,16,66,11,59
21,60,76,8,54
15,33,40,13,19
26,66,12,43,46
75,45,48,47,13
28,73,30,52,41
54,8,67,38,61
68,39,18,20,57
48,27,37,5,35
22,75,52,50,64
2,16,26,3,62
63,45,39,25,61
38,20,29,13,77
19,5,70,3,75
65,35,51,25,55
51,36,55,15,67
49,24,29,20,2
34,20,3,53,60
7,67,36,12,72
4,64,18,5,74
17,24,32,49,11
9,8,27,76,77
73,57,6,78,11
24,31,48,6,13
14,35,1,69,11
40,74,45,63,39
28,7,62,50,25
5,32,14,49,79
42,49,60,13,71
72,27,77,10,1
74,42,75,44,26
33,68,21,7,47
49,77,16,8,15
55,48,38,43,6
12,52,75,76,23
8,64,26,12,74
26,54,80,23,7
22,23,2,37,58
46,18,30,73,31
27,67,8,13,29
7,50,14,54,61
12,10,48,65,54
20,42,57,22,55
34,51,60,6,32
47,64,24,78,46
71,30,52,43,48
10,28,16,47,13
32,53,2,4,34
34,58,62,50,54
68,33,9,37,54
70,40,30,24,10
43,54,23,21,24
46,20,17,21,80
38,72,5,42,52
74,54,62,66,75
55,69,58,39,6
34,20,6,19,26
47,42,67,36,14
77,25,49,46,73
36,16,1,58,54
25,35,7,54,60
7,34,30,69,42
43,26,28,30,62
6,1,30,74,29
42,70,51,11,44
54,28,4,27,32
56,12,3,38,14
20,58,21,7,17
46,61,20,53,73
33,70,73,27,11
23,19,74,53,40
59,7,17,61,39
50,78,3,25,56
4,74,17,77,5
3,70,59,6,49
37,28,73,67,74
55,10,15,51,60
11,20,27,26,64
2,32,30,40,20
29,67,68,13,65
59,7,74,48,64
51,20,60,42,16
76,21,73,27,37
31,27,17,12,29
72,73,31,69,7
62,57,9,12,21
51,71,56,74,68
45,11,38,39,44
37,47,59,12,77
24,40,32,72,23
75,78,7,21,54
14,26,29,5,66
19,41,66,30,27
58,29,66,6,4
26,43,41,48,23
30,48,7,72,57
11,17,57,68,18
72,69,19,22,42
45,60,42,77,18
24,12,31,80,71
78,5,75,21,45
36,75,80,49,35
76,56,65,46,69
62,73,63,21,30
15,60,2,49,24
9,57,3,64,28
9,78,23,35,34
62,4,42,37,72
59,48,16,23,62
42,28,43,29,15
59,68,11,79,20
2,62,67,7,35
9,19,71,63,66
69,56,62,74,51
42,54,62,12,9
5,67,62,11,78
48,63,14,16,30
63,62,11,24,35
65,71,74,54,33
23,54,20,60,33
45,28,61,49,76
11,50,74,44,39
34,57,66,8,43
53,31,66,46,36
14,75,38,30,40
14,39,72,6,68
66,38,47,56,12
22,17,24,34,36
43,59,35,28,50
38,37,55,43,44
41,42,32,2,70
27,56,5,71,59
10,61,58,59,44
32,44,45,24,69
35,54,40,4,22
17,75,78,56,59
5,73,57,66,59
51,67,69,22,70
58,67,34,39,38
7,23,30,60,52
76,22,15,80,65
54,73,60,75,1
46,15,39,43,4
12,13,23,50,15
10,23,47,33,9
80,74,31,12,72
60,34,14,64,61
3,10,35,1,21
35,13,9,80,23
14,67,45,74,79
78,17,1,63,58
8,66,37,7,59
4,79,56,26,58
3,55,58,4,53
65,15,39,44,72
14,46,50,49,20
12,9,11,56,38
73,16,53,75,13
12,60,16,70,69
31,29,69,11,4
7,54,67,36,66
61,15,9,19,63
31,36,26,72,71
44,15,13,60,56
46,56,9,12,58
5,73,56,65,22
73,79,17,57,28
77,45,24,10,18
8,37,26,75,57
74,80,58,2,37
18,22,59,36,11
29,75,55,63,56
54,63,71,30,8
35,72,67,37,80
16,37,7,64,26
77,7,34,42,57
4,71,27,45,69
7,63,3,37,68
56,25,76,34,17
17,6,71,7,56
59,69,78,6,9
30,13,15,43,35
38,71,36,68,60
70,8,72,25,14
8,73,36,79,16
43,79,8,28,37
78,34,1,40,2
17,59,79,13,7
23,62,40,14,52
22,13,51,72,66
50,77,12,38,39
54,65,30,21,58
41,42,37,26,27
17,49,62,79,51
26,12,35,36,3
9,55,39,40,11
60,36,26,4,56
36,34,48,4,80
9,57,37,80,53
12,11,40,59,60
43,27,5,32,69
10,33,52,48,30
62,30,52,75,5
74,12,42,25,10
75,78,56,5,39
71,60,69,26,51
46,11,72,21,80
2,70,44,58,66
11,19,39,30,32
48,76,6,17,52
75,79,61,30,49
12,24,6,32,69
27,40,26,29,76
20,16,15,31,55
78,71,15,9,66
73,40,27,14,7
58,48,47,64,6
44,13,38,68,78
28,70,76,30,63
12,78,5,42,38
37,23,69,67,58
68,31,28,77,38
31,45,52,77,71
74,42,73,15,11
5,59,38,41,52
1,15,23,50,53
66,55,36,76,51
8,53,35,14,44
60,17,66,41,10
64,26,45,28,15
66,22,78,80,9
71,4,22,78,46
54,6,33,52,49
25,73,52,38,32
4,7,79,16,43
53,38,22,35,71
56,28,16,59,8
77,9,51,2,47
59,51,72,28,37
51,49,9,54,71
11,41,73,19,8
73,78,50,52,7
24,72,32,19,35
58,55,66,71,36
5,26,65,46,18
53,15,58,40,36
3,51,55,29,7
6,1,3,64,65
29,74,27,26,77
12,56,30,4,24
56,65,34,51,71
56,45,29,60,77
61,56,13,59,63
44,42,38,46,32
30,76,43,54,77
57,17,6,11,41
67,77,51,57,19
55,57,61,1,28
22,45,76,35,48
7,47,64,54,30
40,14,56,51,57
36,45,14,50,32
6,40,4,15,44
72,59,12,23,60
57,20,6,62,56
28,35,45,64,72
76,6,77,72,26
44,60,37,25,51
26,60,39,32,76
11,47,21,25,72
16,54,59,19,36
26,14,6,33,70
45,8,22,53,71
17,49,44,65,50
33,65,52,2,4
53,25,35,69,78
74,9,31,24,6
8,47,61,53,33
16,9,54,64,63
39,9,54,38,30
10,69,33,7,15
4,44,46,8,26
55,49,32,8,40
74,22,15,10,78
77,45,43,39,16
37,33,60,4,17
80,52,51,1,62
44,33,25,24,2
35,25,9,12,63
69,67,41,6,70
49,64,46,24,76
59,60,73,61,26
60,28,44,41,15
11,43,49,56,45
65,32,69,5,46
52,72,31,17,4
28,56,43,5,34
44,16,8,72,77
5,63,23,31,32
21,56,2,24,28
9,41,50,33,30
62,42,27,47,46
19,47,10,73,8
42,8,34,17,67
40,68,52,25,9
13,64,17,75,67
14,64,36,19,35
48,67,50,52,23
67,37,73,15,39
31,28,59,53,24
22,4,75,59,69
38,36,33,76,40
36,43,10,39,52
71,11,40,78,58
2,36,21,77,3
21,67,9,71,54
25,37,28,4,70
66,37,43,49,61
70,12,8,74,60
23,74,55,42,36
74,51,34,22,68
66,10,13,57,30
52,40,5,26,67
73,39,45,20,30
34,66,37,32,28
22,27,48,76,54
44,60,30,41,31
68,1,78,28,31
42,30,70,40,68
54,21,46,49,18
52,16,49,73,43
52,9,64,50,37
15,4,52,62,44
55,38,76,26,18
41,42,5,31,13
34,6,57,18,35
73,79,26,33,23
40,33,79,28,74
29,58,42,78,66
15,41,2,11,4
35,27,7,5,29
13,57,74,31,62
49,26,33,30,79
42,66,77,56,57
5,52,7,6,20
80,42,2,33,19
80,61,51,4,53
64,70,73,74,66
63,31,35,60,21
39,23,56,15,28
16,32,69,4,41
32,22,26,45,42
9,7,76,23,20
42,44,11,64,10
25,35,76,52,80
24,17,18,51,36
76,37,72,3,22
21,45,77,5,47
51,18,22,53,36
64,56,69,35,12
62,56,74,30,3
41,56,15,61,49
47,80,50,41,69
70,25,54,57,45
27,41,25,13,34
1,20,25,47,12
61,49,13,77,42
14,16,62,23,27
80,75,6,42,73
68,64,51,74,58
3,70,68,42,75
68,16,14,63,42
61,75,64,43,39
31,35,5,21,60
11,55,6,15,79
64,68,28,29,10
32,65,2,11,77
46,33,5,31,55
74,36,65,16,28
44,60,28,61,33
65,3,18,31,37
1,24,10,46,20
74,19,18,49,38
14,49,77,73,25
12,69,77,60,47
32,20,56,65,38
42,64,21,3,73
28,61,67,43,63
73,54,44,80,56
46,70,43,10,59
74,12,48,30,47
79,33,26,68,74
25,36,60,61,28
19,73,28,10,29
50,58,8,48,60
50,3,52,53,74
75,30,26,25,70
44,58,14,63,23
7,35,78,67,10
56,37,38,17,51
22,4,74,32,64
46,10,40,27,74
78,51,1,20,67
78,8,57,9,75
17,37,2,68,34
45,25,40,59,76
16,77,9,37,45
35,76,41,71,17
3,15,21,68,36
38,34,46,14,59
35,12,39,14,56
29,78,69,75,63
17,11,53,27,5
11,63,54,67,38
63,57,52,54,10
58,27,60,10,14
72,45,37,59,58
38,5,23,56,75
79,59,52,72,37
71,21,27,57,42
51,69,11,13,31
40,69,61,25,78
62,63,56,55,32
2,52,72,34,21
22,34,20,11,44
39,44,10,28,62
34,25,31,39,65
71,67,68,12,18
66,74,13,72,9
31,64,63,5,78
15,70,53,1,33
74,7,12,21,58
24,44,23,31,26
76,24,53,6,73
66,50,67,77,35
32,61,20,16,4
56,55,42,80,62
30,28,76,37,64
43,44,70,39,56
12,75,32,73,68
10,63,9,69,15
15,38,28,54,20
13,33,24,43,30
78,9,34,7,66
33,37,47,69,36
26,28,9,32,41
4,78,13,1,7
4,71,63,9,78
69,41,17,32,58
51,73,45,46,53
12,16,19,20,68
7,41,13,4,30
4,20,19,69,53
69,78,28,41,19
61,50,2,4,22
33,80,22,11,14
50,67,37,12,75
42,80,58,29,53
34,54,9,64,42
52,20,12,72,71
74,69,29,26,61
31,21,48,77,13
42,61,21,53,37
19,7,12,59,8
49,9,26,50,17
21,17,65,77,20
2,63,77,29,72
45,54,28,40,46
9,16,46,70,49
2,45,6,9,64
24,20,22,34,11
63,24,23,37,12
62,80,32,8,18
11,73,58,47,67
58,42,71,29,20
24,71,54,13,11
60,23,59,54,27
18,39,2,55,44
71,48,45,73,75
19,70,60,23,80
72,29,50,68,45
25,26,16,58,20
45,19,3,34,79
53,33,67,6,22
66,47,25,46,49
79,58,46,69,80
80,4,17,66,54
7,70,23,11,65
38,3,52,29,12
48,66,60,77,53
47,36,39,14,27
19,69,55,4,7
31,27,43,18,3
59,40,79,63,5
65,57,30,66,23
51,60,71,31,25
4,57,53,26,29
77,49,53,12,38
13,52,39,59,32
1,2,57,79,54
70,25,40,27,63
42,52,74,73,62
55,34,57,13,59
41,69,74,33,28
33,79,35,74,28
76,6,12,14,13
10,45,75,16,63
37,42,79,23,46
20,46,33,41,67
13,70,44,41,71
4,29,35,47,46
39,35,7,27,49
68,66,75,5,62
63,72,14,10,29
59,21,38,15,43
56,25,22,23,34
15,1,13,56,61
47,29,68,26,80
70,49,14,72,8
28,24,52,10,79
36,53,55,68,54
26,53,72,65,31
48,61,27,37,21
71,22,37,31,53
11,44,60,5,80
16,64,48,24,1
5,57,80,65,58
7,59,66,60,26
70,71,47,12,64
57,79,20,2,14
34,12,52,29,76
68,18,71,33,36
46,30,7,3,76
18,43,76,20,70
59,55,31,76,2
79,61,70,33,77
24,64,9,72,63
73,48,67,68,54
64,80,12,57,39
54,8,5,22,10
41,37,57,76,18
10,68,71,6,55
27,70,33,45,76
8,26,29,18,13
61,21,15,62,65
55,74,67,26,9
77,75,60,41,35
73,56,27,59,35
66,37,41,8,39
76,56,34,74,19
45,53,75,40,72
50,14,64,72,17
37,3,75,64,71
9,76,54,1,59
45,60,44,2,67
18,36,10,78,23
37,78,6,36,33
65,44,36,15,54
35,12,63,80,11
63,2,28,23,64
63,75,77,17,9
14,64,3,38,65
22,66,51,78,7
13,66,8,62,67
66,35,53,44,22
61,34,47,1,80
10,6,29,9,38
4,65,18,73,24
70,61,37,11,21
6,1,8,56,4
37,6,70,38,71
60,18,30,31,36
4,46,1,26,21
75,22,41,16,27
64,54,71,39,67
4,45,16,11,28
54,57,41,65,46
46,47,79,18,43
70,75,34,66,20
33,7,42,5,64
63,67,9,66,61
71,52,18,32,7
74,80,65,32,56
27,44,49,32,46
54,37,80,9,14
32,5,51,41,76
54,3,30,57,11
16,66,75,28,42
73,30,48,15,22
61,12,27,3,67
76,14,55,35,13
20,38,65,4,64
71,46,25,4,53
4,22,16,6,75
13,39,4,77,48
65,35,52,74,33
2,11,16,51,5
53,45,59,65,10
63,21,17,61,19
35,53,62,39,22
44,40,30,73,16
21,33,42,20,10
31,14,32,62,35
64,43,72,52,13
12,52,19,64,72
46,69,10,41,54
15,77,74,18,17
5,79,47,14,39
8,12,31,28,34
11,54,67,45,46
51,35,6,33,40
59,77,37,2,22
68,7,41,29,10
72,41,8,70,80
50,69,45,56,21
31,34,41,4,3
58,41,15,76,17
52,59,14,5,33
78,69,3,50,38
3,2,73,50,31
35,41,64,69,70
72,35,31,73,16
46,19,61,65,37
65,59,1,28,29
38,11,49,58,6
41,51,58,20,37
4,54,39,13,80
43,59,61,62,7
41,19,58,13,43
27,73,25,67,77
74,56,39,65,21
5,70,75,10,51
39,24,63,6,3
51,22,63,58,29
78,53,55,39,58
76,28,5,31,58
10,23,69,49,63
46,13,62,54,16
77,64,39,13,50
59,44,13,54,33
39,55,9,69,17
71,8,25,21,34
43,66,16,65,71
15,34,64,41,26
52,5,29,67,73
68,23,11,51,38
18,77,35,72,80
13,45,15,54,58
20,31,13,8,37
43,16,77,63,40
33,74,6,64,24
74,70,49,59,34
76,4,25,20,1
74,12,52,31,36
44,42,14,65,51
49,43,3,25,10
37,35,50,52,26
52,3,68,41,59
25,40,13,23,10
62,35,61,66,50
42,49,47,46,9
28,3,6,29,7
25,29,50,75,71
73,13,42,23,65
25,79,37,46,20
66,21,6,79,30
74,30,33,72,24
74,18,19,20,26
45,34,7,74,4
4,66,73,56,37
5,30,79,10,35
23,15,31,29,55
8,64,79,43,58
12,77,54,22,6
40,68,60,16,14
43,4,30,61,5
11,49,69,14,68
23,58,30,53,80
8,56,7,42,46
34,31,79,72,23
21,53,52,30,24
69,80,75,68,29
75,40,30,78,45
17,29,78,55,7
46,76,60,47,51
75,4,78,65,43
59,39,52,43,7
78,8,44,64,66
49,27,25,73,6
18,20,38,2,23
37,28,67,12,39
67,65,71,47,46
56,62,78,70,10
1,38,71,9,30
32,6,24,26,29
44,67,14,10,30
36,71,44,75,33
25,51,12,60,74
12,79,65,10,29
40,68,12,38,53
35,20,71,36,77
71,68,24,14,54
48,49,1,63,52
47,9,4,53,62
63,6,35,24,48
33,77,48,3,21
29,14,39,76,54
62,38,15,26,16
20,78,43,22,25
16,60,26,13,17
73,68,65,66,14
22,52,21,34,27
19,62,61,31,71
8,46,27,54,34
33,15,11,21,57
60,59,39,16,40
58,18,10,72,4
34,73,17,23,26
10,3,38,22,45
4,79,80,12,26
60,69,20,34,66
20,53,2,30,27
7,8,33,23,1
78,49,70,57,29
57,11,44,70,4
79,77,26,38,41
33,25,74,57,21
51,43,11,73,15
58,26,47,14,70
74,24,3,7,65
4,68,30,21,49
18,29,71,4,44
60,50,40,21,13
70,10,2,11,50
39,55,67,1,54
61,16,60,21,53
63,50,71,60,7
8,69,23,12,65
72,66,46,2,69
15,3,52,46,75
31,33,63,59,22
52,28,36,14,60
5,41,8,79,38
4,29,46,34,73
37,79,41,67,34
14,49,30,76,75
62,13,38,51,74
73,18,25,78,8
79,12,16,39,24
23,32,2,38,49
61,59,65,22,26
49,34,7,14,63
60,11,15,55,57
4,71,57,27,6
7,75,4,51,63
8,6,64,49,68
51,52,36,24,43
65,72,21,54,24
72,37,70,75,36
61,7,16,80,49
26,45,43,8,10
9,52,59,40,39
12,1,63,53,61
54,10,6,8,53
75,63,80,43,3
10,55,1,12,56
31,47,55,2,60
46,42,73,2,74
60,31,56,9,24
66,36,18,33,20
66,23,26,76,56
70,26,79,50,8
10,77,32,70,66
4,56,71,80,36
33,44,78,45,77
68,27,62,42,33
3,59,32,49,2
39,12,46,25,66
14,49,34,77,22
71,9,18,30,48
59,46,3,30,21
27,48,1,37,63
14,79,43,55,6
74,62,41,34,79
2,53,59,58,38
12,54,24,58,18
15,2,30,24,68
80,22,20,34,43
13,36,70,54,17
51,26,62,28,23
32,53,18,7,72
78,57,20,53,3
24,77,19,40,60
18,38,9,15,7
12,31,63,35,23
43,25,16,41,55
72,31,69,50,8
65,2,49,39,44
5,43,69,45,53
58,28,20,55,27
21,14,44,26,58
21,4,44,45,12
11,33,62,68,1
35,29,31,37,21
5,20,44,6,21
37,33,74,77,46
34,1,51,46,19
3,18,31,61,35
8,79,68,55,57
4,57,76,27,74
61,74,33,69,19
47,52,66,61,42
80,4,16,13,45
32,65,79,23,72
61,70,58,26,11
17,60,38,18,54
27,41,32,55,6
57,25,7,18,5
62,80,65,11,74
56,70,71,75,48
11,63,13,33,6
14,70,11,15,47
29,44,10,69,56
66,22,5,78,2
41,1,40,24,4
57,14,21,78,58
22,6,57,80,5
21,79,42,1,53
18,32,59,42,37
33,42,28,38,69
71,9,41,73,37
29,33,51,59,60
44,43,29,77,56
7,64,14,76,43
11,64,32,75,6
42,61,19,73,9
37,52,79,47,4
80,56,8,27,29
46,17,1,36,7
24,56,34,75,11
39,29,50,57,13
14,66,19,31,71
43,73,6,2,3
48,34,69,5,1
15,36,39,25,66
9,13,53,20,15
61,51,41,43,60
1,48,14,9,56
27,18,6,15,80
35,54,62,17,52
63,44,7,33,12
80,26,73,46,45
12,5,19,38,42
55,74,50,69,36
71,2,41,25,32
50,62,59,31,19
23,75,16,47,42
62,75,47,25,66
68,49,3,38,50
31,11,45,41,61
77,11,42,34,5
42,1,49,45,75
60,38,62,51,53
33,39,29,18,36
66,45,74,54,44
75,45,37,48,74
49,7,79,16,15
54,49,80,34,22
71,46,5,11,48
28,69,45,14,9
32,62,42,49,5
2,21,74,22,52
42,57,59,74,1
40,14,34,42,62
45,50,9,52,58
4,58,60,17,31
66,72,65,64,42
69,13,46,5,73
61,17,18,73,41
20,1,9,14,78
56,62,24,8,61
46,55,27,14,2
38,33,65,27,22
56,57,52,6,7
55,77,73,32,70
21,52,9,37,22
46,70,58,32,51
20,49,24,31,39
10,21,28,77,6
34,25,54,65,66
15,65,66,49,24
25,78,59,8,60
65,19,51,22,14
69,21,8,31,58
56,66,7,62,22
2,11,24,73,39
4,12,45,20,62
10,80,36,73,60
26,8,30,65,33
38,37,49,53,72
70,38,69,11,65
22,69,11,74,21
77,58,60,40,44
47,24,33,32,15
47,67,5,78,40
41,18,5,38,44
2,38,56,16,33
15,23,47,70,75
9,31,36,69,20
60,14,78,77,10
6,15,51,68,50
70,53,1,50,72
64,78,54,30,55
12,54,19,25,61
27,75,5,39,37
12,23,16,9,48
15,36,59,75,29
66,20,69,76,15
6,58,73,35,63
40,64,7,62,72
33,9,61,7,20
63,9,69,75,39
23,46,57,29,3
42,27,66,16,53
67,16,30,54,61
33,31,58,68,59
61,72,15,46,53
40,41,4,63,60
5,29,77,44,74
28,18,19,54,73
36,2,42,4,56
77,34,54,24,19
36,6,16,45,63
53,23,77,48,56
38,19,74,57,31
23,74,64,62,9
46,2,16,21,60
13,2,12,58,9
51,66,35,72,64
17,44,70,33,29
75,39,70,66,56
25,2,68,41,17
51,50,29,72,20
13,40,28,16,56
33,1,70,4,34
4,18,49,78,40
2,21,41,55,80
23,50,34,78,53
18,26,48,56,12
64,11,77,16,75
22,29,3,31,12
54,50,33,73,35
18,5,28,70,75
55,5,53,74,16
9,71,67,72,68
17,79,21,61,31
73,69,33,43,71
19,59,61,46,6
4,56,68,48,38
37,5,67,52,49
65,6,26,10,39
78,4,23,34,3
57,7,33,44,65
32,66,53,41,45
66,30,17,12,11
28,18,30,69,11
50,33,77,27,17
76,43,52,60,26
38,76,51,62,13
13,7,78,68,34
56,69,61,78,11
8,61,26,14,45
45,20,48,17,62
29,46,14,13,24
10,11,37,18,50
21,44,15,43,19
54,28,13,34,19
29,64,74,68,33
66,45,75,73,32
72,65,24,79,50
53,27,79,17,78
12,80,32,64,45
9,12,59,36,35
46,55,39,66,70
29,40,21,10,12
43,75,57,30,10
35,54,52,3,75
67,32,6,43,49
73,3,44,57,36
75,52,26,3,63
28,41,71,64,27
50,63,61,60,25
24,63,17,71,27
67,54,69,24,52
64,58,32,18,56
37,75,2,39,34
32,71,30,65,6
25,22,10,51,45
8,76,61,13,29
49,45,66,4,25
70,2,31,21,60
47,61,35,57,12
50,2,9,35,34
15,68,40,78,61
33,7,32,4,40
66,2,4,43,31
38,17,75,19,30
80,48,76,77,73
30,4,13,50,28
48,46,17,55,79
13,40,4,7,29
72,30,70,28,73
42,48,75,31,60
24,20,23,48,41
72,76,53,27,38
27,13,39,77,20
20,79,27,49,61
14,12,34,44,56
50,46,61,13,72
70,41,2,36,9
39,13,73,53,72
11,55,2,5,73
62,23,56,18,68
36,41,71,1,13
65,30,76,74,42
14,62,75,8,30
9,28,50,36,74
6,13,52,36,39
23,74,73,75,24
60,71,23,14,15
46,31,50,7,11
65,74,56,33,8
2,6,26,68,37
70,14,68,80,62
10,78,16,76,65
54,37,49,48,10
49,53,74,37,52
5,31,8,76,39
45,3,29,61,76
33,10,5,62,49
32,43,49,30,34
34,74,61,16,58
72,70,1,17,8
5,69,12,44,18
73,42,12,76,49
35,67,33,36,60
58,66,2,64,13
10,45,63,23,78
57,37,1,44,80
41,7,31,8,62
75,52,35,69,79
17,14,26,51,67
60,13,25,29,36
35,50,15,62,43
2,47,68,24,16
49,11,19,77,14
14,27,61,12,46
40,79,66,9,2
42,31,19,63,33
15,49,1,34,29
2,31,45,33,72
78,31,5,66,14
50,56,15,64,11
7,63,17,19,40
35,8,77,18,25
67,1,53,18,41
45,35,50,27,39
51,1,66,67,31
35,72,46,8,37
60,25,57,16,24
32,58,54,39,28
28,32,50,72,20
70,16,42,71,38
49,6,36,43,65
15,44,28,3,12
16,43,18,68,31
61,72,67,21,77
40,80,27,58,23
77,58,7,57,45
54,51,4,47,52
78,7,67,44,72
76,35,78,53,3
46,19,40,4,69
12,42,36,48,7
11,79,80,51,12
52,24,55,54,50
6,25,19,42,31
78,59,29,56,30
21,61,41,48,49
31,59,8,20,47
61,65,45,12,57
42,64,73,40,66
76,63,41,44,65
12,46,64,49,18
40,77,62,44,58
46,17,51,41,29
47,65,61,26,74
9,4,21,66,63
29,62,6,26,44
40,15,36,18,66
15,48,66,65,54
20,66,79,10,65
53,76,39,37,51
15,72,50,14,47
69,42,78,43,5
71,4,64,10,75
34,55,4,58,63
10,37,11,23,67
61,26,51,74,44
43,18,1,14,4
19,65,36,67,49
79,60,66,35,72
7,16,55,49,31
6,67,73,21,52
50,4,9,72,62
73,61,6,30,24
71,63,75,30,4
19,67,73,35,61
73,35,12,75,9
23,26,74,45,50
61,55,76,18,71
65,21,36,6,38
10,8,19,6,63
56,30,70,15,67
15,23,5,39,4
72,41,32,42,66
4,23,50,73,16
7,3,68,65,36
16,2,19,47,18
6,5,42,39,64
19,67,51,43,20
75,71,80,44,8
63,53,44,71,13
44,46,33,34,43
42,56,11,15,44
24,64,56,29,68
52,15,4,21,41
36,59,6,11,15
73,15,7,26,43
71,52,72,79,67
24,54,69,6,55
53,38,54,55,16
67,52,15,70,33
33,15,11,6,39
75,63,34,40,1
70,1,62,59,52
47,73,1,34,3
18,20,58,35,80
47,21,77,9,80
17,14,8,15,42
40,78,45,61,51
31,56,64,20,62
16,38,43,71,11
19,60,39,57,53
53,2,32,6,78
4,76,64,34,31
73,42,38,46,44
42,29,45,59,32
17,5,27,29,51
25,39,52,42,32
72,66,54,52,40
44,60,59,3,77
9,44,14,64,30
9,21,16,55,80
51,4,53,77,26
23,13,18,45,11
20,78,21,47,33
12,18,37,43,19
2,31,25,74,3
76,60,40,65,66
39,9,1,56,42
50,51,62,36,3
63,9,51,5,39
55,57,80,18,6
72,41,66,19,32
59,16,6,24,56
78,45,3,2,4
54,15,80,40,13
40,35,57,73,60
72,60,64,56,50
72,61,75,53,19
62,44,17,26,55
26,8,72,56,61
64,74,37,48,10
69,47,68,29,2
29,78,57,44,68
67,30,66,53,76
77,33,4,63,57
20,17,57,32,50
73,70,9,31,21
8,27,37,34,6
50,61,37,51,66
43,12,35,71,1
59,9,56,66,39
44,18,23,69,32
41,72,79,33,42
9,79,66,57,18
69,72,45,17,37
54,62,24,9,63
59,56,46,20,26
80,3,55,40,75
75,60,52,76,36
56,12,5,61,26
16,62,28,41,6
17,28,68,27,35
76,3,2,33,49
37,8,61,23,60
54,38,55,49,78
9,18,78,43,5
50,62,70,76,51
8,30,72,3,25
67,77,62,1,53
13,53,38,44,64
37,75,76,17,25
72,2,24,30,12
15,49,31,19,8
16,18,43,59,41
76,20,63,9,66
45,80,7,19,74
1,55,37,70,29
21,12,72,54,56
72,20,65,80,26
48,14,80,6,29
28,31,36,70,34
59,45,49,40,50
65,20,40,32,68
51,71,17,62,66
13,60,26,14,32
67,11,47,1,41
13,11,36,3,15
23,7,9,37,66
76,28,39,46,75
42,49,12,62,17
46,43,5,75,62
31,28,36,71,9
38,15,16,50,4
80,55,35,33,30
55,48,14,61,32
49,5,58,41,76
47,3,51,19,61
41,64,25,70,46
3,11,31,17,56
46,61,42,33,52
34,29,50,33,76
17,10,37,19,33
41,15,37,22,80
75,4,19,59,56
57,55,36,5,28
63,30,73,9,28
66,13,23,61,74
30,26,76,49,36
57,66,73,77,23
2,13,23,46,49
5,62,35,16,42
64,2,37,54,41
10,75,29,23,14
65,71,5,19,12
48,16,60,37,3
58,17,30,48,14
20,40,41,31,8
50,6,56,7,16
49,21,52,51,4
22,75,36,72,12
66,41,49,20,8
71,79,11,27,37
41,23,72,21,54
30,26,36,58,61
25,40,59,4,55
9,16,80,53,55
46,12,51,31,44
11,21,48,45,6
25,28,31,76,48
20,35,51,71,47
31,56,4,34,67
40,44,77,41,18
9,57,66,33,31
29,53,33,69,3
45,56,67,63,32
37,26,9,48,29
39,46,75,11,34
77,60,17,44,61
10,48,11,41,19
74,66,11,12,3
11,35,49,74,12
78,61,28,70,75
72,13,66,1,78
25,66,67,40,21
5,32,14,35,78
76,4,29,47,16
11,8,63,78,36
68,33,22,19,76
76,64,2,49,51
71,60,78,65,50
80,7,49,65,13
56,44,3,64,24
18,16,12,74,47
58,45,38,27,61
3,7,32,57,55
50,11,30,14,70
27,28,21,26,50
36,3,5,18,31
47,80,79,67,71
58,19,23,61,79
24,27,12,45,23
35,22,10,14,26
25,45,54,79,42
4,51,54,66,63
53,59,33,31,79
38,6,67,12,36
76,11,14,59,31
55,20,68,24,4
49,36,43,54,66
18,19,59,64,76
13,12,63,22,75
24,6,40,67,46
71,68,49,54,4
65,25,63,60,4
48,75,52,62,32
37,12,19,8,74
15,14,27,52,5
61,20,67,48,56
15,72,34,23,59
52,62,16,73,29
2,57,16,65,12
9,29,4,33,36
5,20,38,29,13
51,69,75,62,60
60,30,56,75,76
8,44,64,34,65
27,25,34,28,22
1,12,9,23,33
35,42,6,62,24
16,71,2,59,74
73,65,38,55,60
69,67,47,27,9
76,28,65,44,14
4,10,3,65,64
3,71,12,54,33
32,13,22,31,18
77,28,22,7,73
2,27,39,53,80
1,72,15,59,68
51,26,4,10,63
6,70,36,65,27
26,64,56,66,67
25,44,51,79,39
19,6,26,36,43
29,12,46,47,3
28,50,17,6,5
3,71,61,60,25
77,1,20,43,44
21,31,32,37,24
72,15,80,35,58
53,7,35,18,29
19,71,26,11,24
71,16,28,22,47
77,21,67,47,4
63,7,43,80,52
11,33,3,46,41
77,36,55,60,62
33,42,68,74,23
15,8,6,7,55
67,80,27,16,20
16,3,4,70,47
46,24,49,17,22
75,55,46,79,32
9,64,39,38,55
37,75,31,35,14
8,51,39,1,46
49,59,13,57,41
13,78,70,10,14
20,33,15,32,78
36,62,9,18,54
42,31,53,70,60
37,15,58,23,75
52,53,28,30,66
68,10,23,17,3
73,63,3,68,50
78,15,65,49,5
29,50,24,55,42
48,36,60,34,18
21,10,28,64,63
2,19,10,51,17
36,23,31,27,59
40,45,22,64,5
14,8,5,4,18
29,26,52,57,13
80,65,77,19,61
11,16,32,71,46
78,16,42,39,9
6,74,79,57,80
66,18,15,75,41
18,32,10,30,31
10,38,4,33,58
33,75,67,42,57
12,4,69,18,61
7,13,29,30,56
68,26,78,49,72
77,80,27,62,41
51,66,68,63,13
33,59,21,11,62
59,13,57,33,6
36,65,43,54,18
53,46,39,77,23
37,54,29,52,59
55,31,72,75,67
64,51,72,44,16
49,52,33,10,31
47,40,69,37,45
10,77,35,55,42
54,32,45,22,10
36,80,17,45,13
38,65,36,59,26
59,69,64,66,30
74,5,20,59,78
31,79,38,46,65
13,67,2,16,42
72,64,79,23,42
71,80,58,41,70
40,64,58,80,46
10,54,19,36,15
68,23,74,19,80
17,27,71,20,33
2,20,79,7,53
77,70,46,22,13
78,7,49,11,50
1,68,4,35,36
27,1,22,19,35
25,14,12,58,68
19,9,49,24,5
16,58,52,43,42
8,42,31,48,38
37,68,42,13,78
54,63,69,34,8
37,60,78,61,45
66,2,80,6,41
60,62,8,71,39
37,31,38,58,55
43,1,34,38,28
61,78,69,50,76
47,39,5,16,45
4,16,55,30,26
61,29,4,77,48
12,25,35,7,74
44,33,66,58,52
46,65,45,53,67
5,67,29,17,13
62,35,44,53,29
15,13,10,56,51
31,69,64,37,59
10,1,11,68,58
77,13,54,72,29
67,20,1,29,49
15,73,41,62,34
79,8,13,26,16
37,7,19,40,25
51,75,70,11,18
74,77,80,11,70
40,34,29,79,54
23,58,37,2,49
27,38,74,1,59
78,43,32,12,11
13,49,22,68,74
10,44,30,17,27
66,36,26,43,77
80,5,62,79,2
24,41,50,11,57
59,11,54,39,2
58,54,26,52,2
26,17,3,47,56
48,13,54,78,57
62,53,75,7,71
51,37,20,50,6
9,56,8,53,7
73,14,72,45,80
74,69,60,34,26
27,77,56,78,18
25,31,51,72,74
26,23,60,51,3
21,30,47,55,67
67,80,7,73,62
48,20,51,65,41
66,7,36,69,23
79,24,11,33,34
32,52,8,13,54
51,21,30,2,48
78,42,30,63,37
64,25,66,17,5
69,10,13,70,25
25,37,42,3,77
51,3,11,25,4
28,13,2,18,12
37,8,59,63,73
13,42,26,79,23
9,66,80,76,25
34,43,23,9,29
60,3,2,80,41
73,42,16,51,9
45,55,10,18,22
72,33,21,31,77
55,76,57,12,24
30,67,11,21,32
25,26,4,61,42
5,29,73,13,66
8,23,13,80,67
58,34,54,1,67
12,79,44,16,13
45,49,75,8,62
21,55,22,7,15
80,35,73,13,27
27,57,31,79,25
70,46,34,13,77
14,40,62,73,68
12,60,78,71,63
63,17,50,49,13
65,3,33,8,56
39,29,17,54,56
30,67,37,23,8
54,35,43,11,5
50,4,11,23,33
32,44,59,16,65
42,16,36,68,66
68,41,13,5,18
14,22,74,28,6
9,53,6,11,34
70,15,5,21,75
60,16,67,12,30
58,38,76,33,72
17,18,72,37,21
66,28,48,45,49
28,19,57,11,10
25,70,54,43,77
10,47,63,42,26
24,73,69,21,5
59,27,32,22,10
21,70,36,11,37
22,54,14,69,72
38,60,77,64,46
2,43,58,62,61
53,25,72,1,5
78,33,2,15,39
24,29,74,58,4
75,51,60,49,23
74,33,50,62,56
42,9,33,45,55
18,48,14,12,53
75,27,2,78,33
49,40,10,76,8
77,20,12,79,26
6,77,8,25,43
14,69,72,71,54
69,61,71,55,29
23,67,78,48,33
75,9,52,38,40
39,51,64,23,47
15,43,73,45,42
57,38,64,44,73
48,80,18,5,78
9,66,30,25,57
20,64,67,34,63
18,79,10,48,17
9,35,70,19,49
13,56,50,53,60
34,38,4,39,7
16,17,46,56,79
76,56,65,35,38
62,1,2,16,12
44,62,69,61,19
62,19,2,79,67
62,33,46,8,12
7,6,13,26,14
26,64,55,47,44
21,19,77,14,74
61,33,70,38,53
70,33,62,75,19
32,22,67,75,41
38,65,64,79,7
40,6,28,76,45
65,66,37,32,35
40,18,24,11,59
2,24,76,74,54
64,12,17,56,77
18,34,78,20,75
26,66,71,38,33
8,78,68,70,20
71,29,4,72,6
43,44,3,38,18
57,77,69,36,29
44,27,50,49,14
38,8,20,42,18
15,2,39,31,40
11,55,38,41,32
13,45,67,66,1
69,19,12,5,61
9,23,20,38,46
44,71,11,17,18
32,64,30,77,38
52,20,22,67,25
64,8,40,56,36
19,62,21,47,18
16,2,39,55,66
40,64,67,24,74
58,26,80,38,35
80,13,72,48,9
75,57,20,73,29
75,6,79,77,14
7,71,30,61,26
66,43,51,36,9
47,55,51,12,43
77,38,71,72,63
65,62,26,34,21
14,78,42,57,64
35,66,75,33,79
21,34,10,20,9
30,66,52,33,4
51,76,67,37,47
20,23,10,18,59
64,51,39,70,20
64,24,31,68,63
54,13,55,53,3
29,26,52,71,67
45,49,6,66,43
49,27,70,26,29
15,57,28,58,11
41,47,1,49,45
48,36,4,22,70
70,54,20,68,80
33,9,35,2,69
70,76,45,52,53
50,44,2,22,43
33,6,63,44,78
6,10,41,26,54
21,72,58,70,29
44,15,6,76,56
57,78,79,69,70
76,1,57,21,70
63,1,15,74,52
49,59,4,9,12
57,2,46,32,80
75,45,22,78,6
41,36,74,33,17
32,34,25,72,70
67,61,49,76,78
49,21,47,11,79
45,19,50,48,29
22,44,31,73,5
67,66,26,43,14
43,71,61,47,1
55,37,33,43,59
72,70,16,4,36
10,22,65,38,36
63,72,20,9,26
27,6,38,39,15
22,73,61,65,38
69,26,16,18,78
52,23,80,36,69
66,45,28,8,70
62,44,30,65,39
6,7,32,37,50
33,38,62,60,58
32,18,2,68,14
56,57,8,42,34
79,24,76,48,19
66,39,43,41,56
70,13,73,76,14
44,65,63,66,24
23,76,78,15,17
31,66,46,17,22
2,80,23,22,77
24,20,70,49,44
79,66,35,74,23
73,72,2,41,9
44,27,40,63,76
35,14,57,37,65
10,6,4,58,21
37,6,40,70,36
70,18,14,80,44
20,5,78,53,56
8,6,63,44,28
47,34,60,3,77
78,52,25,54,43
1,20,35,3,23
8,35,21,4,26
35,5,53,75,12
39,52,79,40,47
73,13,80,64,42
63,26,7,25,52
48,19,74,6,23
17,57,36,22,27
2,52,16,29,1
19,67,74,41,79
51,70,41,9,80
25,28,15,26,22
23,43,69,68,34
49,74,40,48,79
54,39,37,70,46
22,46,70,73,25
22,64,76,1,72
65,21,11,31,49
69,72,18,47,43
74,67,26,29,6
19,2,65,27,54
18,14,17,30,40
71,25,55,20,64
6,74,16,79,41
36,71,57,66,17
63,13,12,22,24
72,73,27,35,76
70,76,39,71,31
21,9,57,30,46
45,36,41,68,2
26,16,35,77,53
52,12,32,57,18
23,35,17,60,30
63,76,54,59,80
31,20,33,39,15
35,38,50,10,15
67,17,28,40,58
12,80,56,2,20
8,49,52,45,56
43,70,46,9,8
19,44,32,41,43
64,71,66,51,46
50,27,69,55,71
27,5,43,49,3
48,64,22,15,45
41,57,28,49,38
71,41,19,36,22
58,24,74,56,12
16,9,55,22,10
24,31,29,42,39
79,13,30,43,5
53,47,51,7,4
19,44,29,50,72
6,53,16,61,5
66,58,18,26,64
25,73,63,59,44
60,20,55,48,7
26,57,36,18,14
37,70,14,32,19
44,15,36,13,24
71,54,55,78,62
7,30,6,21,28
28,64,39,42,40
4,10,44,8,70
72,15,65,28,24
16,25,28,30,68
63,40,13,37,23
37,60,20,46,55
18,72,10,26,79
40,49,75,53,8
78,40,71,69,25
20,75,10,7,24
28,33,67,25,29
12,26,9,16,37
69,73,77,11,13
65,16,13,57,48
33,36,23,39,35
8,68,11,46,79
42,5,4,31,70
24,39,58,7,76
18,53,8,36,1
23,54,16,4,5
73,11,31,13,26
78,30,79,17,33
43,60,36,63,10
24,21,43,5,11
56,53,36,37,23
49,42,25,44,31
24,53,9,10,48
8,74,61,28,5
23,43,63,19,8
38,73,30,51,32
74,55,49,62,27
65,20,21,76,68
46,4,27,18,80
9,8,35,5,54
4,20,77,75,32
71,6,73,1,42
46,18,49,24,57
9,51,77,26,18
77,30,10,51,55
9,45,80,39,40
42,38,52,57,45
61,26,48,5,69
3,23,16,55,42
19,40,31,22,45
20,14,52,45,8
58,22,34,37,5
63,70,31,69,9
14,61,53,1,32
50,18,21,16,78
20,70,38,1,55
49,70,44,78,59
76,10,34,4,15
51,78,54,28,43
21,33,7,9,53
26,32,48,35,44
8,37,74,77,15
58,45,21,4,22
7,41,3,38,46
75,55,60,33,14
27,46,7,19,5
11,5,37,58,26
56,30,45,35,6
77,46,72,70,66
53,74,20,70,60
52,18,15,6,3
16,26,8,28,60
18,46,74,24,66
60,43,34,20,5
36,77,76,4,80
75,43,51,39,37
31,41,34,60,21
15,67,31,4,73
4,76,36,47,66
58,45,30,31,42
3,65,40,41,66
53,8,11,55,15
72,55,30,38,5
51,69,31,55,18
78,64,71,48,22
62,36,48,70,42
72,78,75,11,6
78,41,65,10,25
40,32,74,52,7
24,20,37,28,18
76,24,73,19,45
78,1,57,4,48
19,44,43,63,50
32,48,44,74,8
43,36,51,79,58
9,39,36,61,68
37,40,14,56,19
77,63,46,32,72
53,17,43,29,56
16,29,80,13,56
67,44,36,71,14
77,41,72,44,23
37,11,43,7,79
38,3,78,69,23
3,58,19,67,43
3,58,61,18,31
48,11,33,61,6
79,65,64,58,57
9,78,22,24,41
49,31,41,61,26
38,5,66,41,55
36,9,46,80,6
7,38,62,9,66
43,51,22,32,34
76,34,73,14,63
79,32,10,31,38
19,46,64,3,52
24,10,11,60,1
30,1,28,73,76
71,53,21,57,69
70,54,59,36,23
15,22,72,34,28
49,40,1,34,26
31,38,35,48,74
75,20,1,50,17
22,52,63,12,17
77,66,74,21,44
49,63,70,36,19
24,44,17,18,19
39,59,80,23,58
9,37,75,78,66
14,79,26,28,55
28,48,11,6,67
53,79,6,10,41
58,20,45,9,36
66,20,23,55,6
70,26,31,75,28
58,6,77,67,16
41,9,50,44,60
12,5,59,52,65
28,76,67,66,51
15,25,67,41,61
72,37,1,64,7
52,30,38,46,60
18,79,59,6,62
60,19,76,54,2
15,27,24,52,7
64,37,42,78,52
11,40,61,31,3
74,35,17,58,79
26,71,77,14,69
36,2,65,52,73
9,20,27,8,73
59,1,23,79,19
60,24,2,9,67
43,23,41,40,74
33,26,12,47,43
71,67,59,58,31
58,36,56,64,74
33,71,6,28,31
80,10,57,75,28
67,26,78,71,12
80,70,59,53,2
59,67,8,21,35
26,34,68,24,72
34,8,76,35,48
35,31,56,37,67
79,52,69,57,1
14,3,15,43,37
18,62,61,56,17
57,61,74,15,24
26,75,64,24,10
8,51,62,67,35
34,78,75,2,43
15,27,40,64,51
2,37,15,52,46
80,32,24,22,29
79,71,70,30,49
18,7,2,60,71
55,52,47,53,39
73,62,13,28,18
12,27,38,17,78
75,17,4,70,12
76,7,61,42,19
12,13,33,61,80
2,68,29,34,17
27,41,17,44,30
12,75,68,19,66
2,29,80,15,69
6,78,17,12,52
11,18,66,69,78
51,52,71,22,70
30,63,34,26,27
31,17,1,15,67
42,17,23,76,18
42,56,62,60,68
5,26,38,76,37
22,32,15,58,49
10,55,46,38,7
78,6,20,17,53
58,16,9,11,63
72,51,50,38,41
39,76,32,25,12
10,20,72,62,42
3,69,70,66,24
80,25,28,37,61
37,70,79,43,40
40,5,42,9,15
1,14,38,13,21
50,19,35,6,8
50,61,7,4,10
5,54,43,29,48
38,22,62,16,50
19,64,45,53,61
33,73,9,5,63
43,36,30,19,64
18,2,32,29,55
54,48,77,12,6
75,73,13,25,69
10,54,67,75,35
79,52,24,28,53
31,22,52,27,12
7,37,47,80,62
63,29,56,10,38
55,75,29,45,80
43,64,13,6,4
55,5,11,12,62
12,4,44,32,60
52,46,3,16,59
34,69,80,68,65
46,3,22,65,41
57,24,77,41,52
59,58,9,24,42
47,54,43,48,66
53,24,6,69,52
39,37,43,36,9
69,9,13,21,29
46,58,50,19,28
53,5,31,35,27
44,15,74,18,55
50,33,10,14,62
69,37,24,45,27
51,25,32,1,27
3,43,55,6,7
49,22,7,76,52
63,46,27,17,21
22,70,25,10,79
38,29,2,25,26
80,41,25,37,1
63,40,28,3,23
50,45,6,67,75
19,6,13,64,40
16,46,74,11,48
40,30,37,79,72
24,49,45,22,64
39,72,31,36,24
14,38,31,78,37
33,63,77,56,15
60,77,50,67,3
6,4,36,26,55
69,27,9,24,21
35,2,5,65,16
70,35,55,9,69
38,25,57,59,68
36,45,61,47,5
61,9,15,28,27
74,14,39,58,33
50,69,59,72,2
44,30,64,22,80
37,53,54,23,50
73,65,21,6,63
17,34,18,16,55
47,63,71,50,72
39,27,53,37,60
32,60,53,47,65
9,79,61,34,59
5,8,48,6,28
76,14,25,75,18
75,8,53,42,41
11,72,39,17,38
40,73,23,70,18
59,33,56,7,64
36,65,23,80,70
57,36,46,61,72
24,10,63,23,9
33,57,47,34,43
73,56,27,39,76
21,70,19,63,55
42,49,23,38,79
39,61,21,56,31
67,10,54,53,38
49,4,16,13,74
40,19,37,36,11
62,56,66,49,31
52,61,12,48,26
37,24,74,49,19
69,29,16,47,31
74,26,19,61,79
54,56,66,80,10
73,49,12,56,21
10,6,75,20,22
36,49,70,69,13
60,12,29,5,22
40,69,41,34,39
15,45,5,53,13
80,10,33,40,19
45,74,53,44,43
69,40,73,29,54
22,28,48,45,62
29,11,60,76,13
7,45,19,41,43
79,7,43,53,18
67,34,74,24,6
27,2,24,67,48
28,47,64,6,67
46,34,61,13,25
13,41,28,6,32
43,59,41,18,71
56,15,46,57,80
12,17,7,51,53
24,15,20,8,47
10,42,48,24,31
4,44,38,66,49
44,17,22,78,68
49,31,32,50,54
80,31,70,8,10
66,70,76,27,38
12,49,31,65,13
47,66,75,8,41
68,26,64,44,13
79,68,80,18,1
1,16,36,32,74
65,66,48,43,50
17,29,48,34,58
72,34,8,3,53
76,44,43,21,32
55,46,31,52,44
53,23,48,35,19
13,46,6,49,35
59,6,27,42,61
6,21,73,58,4
34,35,36,55,50
12,38,77,47,78
49,62,30,15,37
53,62,73,76,64
43,57,47,56,35
65,74,47,27,10
32,56,77,76,23
39,45,31,69,78
12,55,47,39,37
55,5,66,6,47
43,5,18,14,76
34,3,75,5,4
59,1,8,23,41
13,78,34,32,54
51,69,18,73,27
17,73,53,39,57
63,42,40,51,14
24,20,70,47,6
63,43,49,71,17
41,71,28,11,24
49,48,29,46,66
26,51,33,55,69
2,79,22,21,37
50,75,17,10,59
38,24,42,35,33
58,5,52,64,20
40,19,70,50,74
25,32,27,30,65
79,15,50,58,30
60,2,29,56,28
32,58,7,5,69
5,77,76,23,10
70,3,44,53,13
15,41,71,66,4
76,77,3,39,44
27,11,19,44,78
14,46,74,31,10
70,35,21,55,3
80,43,4,8,16
80,32,65,61,70
43,11,21,62,31
62,2,59,67,42
32,77,1,56,70
61,8,29,51,79
13,70,7,38,56
38,7,57,76,29
72,17,26,50,28
16,18,8,22,34
24,54,72,38,6
65,12,77,17,79
55,80,3,32,79
10,40,34,52,47
9,38,51,48,34
16,45,75,27,33
23,43,21,15,40
73,35,66,57,60
44,76,29,52,70
10,70,50,57,67
19,6,23,10,33
10,72,1,12,15
52,9,66,4,80
43,34,40,11,52
35,57,13,3,77
34,6,61,8,53
49,21,34,22,77
4,51,40,62,59
58,50,20,11,74
78,5,47,72,31
47,41,2,26,10
80,72,52,53,43
19,58,11,38,40
46,2,36,8,65
36,17,64,66,37
64,56,48,58,57
43,58,1,80,12
10,37,15,46,60
57,50,70,72,27
17,73,80,31,54
75,34,6,45,37
40,67,7,16,60
11,2,29,17,67
43,62,76,55,5
32,59,65,71,48
11,15,24,44,16
42,61,73,80,53
61,39,20,37,72
15,39,51,11,32
75,45,59,25,68
72,19,77,42,67
36,34,63,56,52
47,1,22,23,15
4,35,2,11,28
71,43,65,64,32
73,80,16,1,30
39,65,9,67,44
61,33,30,66,67
68,27,6,78,47
6,18,53,49,28
18,51,29,52,13
5,75,50,17,72
72,47,45,38,2
36,15,53,38,32
8,73,40,57,62
9,64,62,76,47
68,59,40,55,17
36,72,63,30,43
27,14,68,30,31
33,76,25,3,35
16,66,25,78,69
5,51,65,49,76
11,2,20,27,51
2,48,65,5,46
4,57,30,40,54
66,26,37,17,79
69,75,8,23,2
21,23,49,29,77
8,78,31,41,26
75,17,55,69,35
5,7,59,73,60
79,49,76,29,23
27,6,72,61,70
39,66,40,50,13
6,24,20,42,57
74,49,47,45,80
71,22,7,15,1
21,54,31,43,30
60,5,49,2,32
18,45,31,19,5
61,67,79,64,42
29,45,44,47,14
79,1,71,56,20
31,50,74,70,59
7,16,62,4,19
12,68,16,30,55
32,6,22,13,15
36,76,52,58,67
67,16,15,55,28
28,17,63,21,34
27,33,2,55,8
38,11,68,58,39
50,54,80,33,4
8,23,60,4,71
63,48,69,26,56
6,29,9,46,48
73,69,38,9,71
23,45,53,34,3
8,28,27,71,60
27,57,48,30,67
2,27,54,63,56
68,41,78,63,16
16,79,21,65,2
22,15,1,14,36
67,27,29,14,15
66,68,50,43,65
30,64,20,74,42
20,33,47,29,16
14,78,24,37,4
14,6,20,58,8
65,73,57,62,80
2,67,12,75,78
66,44,50,21,80
7,68,78,32,16
45,3,75,15,2
19,23,79,72,80
17,52,77,73,45
68,45,56,63,28
62,29,5,68,55
4,50,20,35,52
7,58,39,22,24
29,71,75,17,44
45,8,39,33,9
39,45,77,24,20
19,50,5,13,34
33,41,75,79,43
18,26,46,17,59
15,16,3,19,72
6,78,54,71,32
8,31,37,45,71
50,12,73,80,59
70,33,40,56,74
32,4,66,46,54
69,23,52,44,39
42,64,32,8,73
57,49,44,39,17
34,33,31,23,40
20,21,4,56,55
7,36,50,66,30
38,55,30,37,52
18,65,80,34,66
28,62,33,26,31
53,19,56,26,23
21,49,54,39,41
61,60,26,1,19
64,55,18,32,73
10,58,80,55,18
74,35,11,25,6
48,62,18,21,47
34,72,5,19,70
43,11,73,8,9
52,63,49,27,22
62,38,40,15,57
9,43,16,12,67
36,74,62,52,42
35,78,15,9,40
26,59,44,29,5
52,74,10,14,75
33,77,58,19,20
66,53,67,6,49
20,18,37,34,31
11,32,47,76,67
1,72,26,45,42
70,67,25,31,63
26,9,2,8,78
11,53,19,72,6
63,28,64,67,35
72,10,52,44,36
8,66,29,9,79
50,78,60,59,33
40,23,45,59,74
17,19,53,76,35
6,69,48,18,32
43,26,28,76,31
68,39,13,60,18
15,29,10,31,14
79,60,31,7,59
11,16,23,61,56
61,5,77,47,80
67,22,16,73,72
37,39,13,15,5
79,49,77,34,52
30,5,69,24,21
66,6,80,2,29
16,17,9,75,28
29,3,25,39,16
6,67,72,36,8
40,45,13,55,39
39,26,56,54,9
63,22,65,18,49
44,70,72,27,41
26,58,61,60,22
70,69,53,55,60
79,67,17,32,62
61,58,28,56,76
32,2,63,6,66
58,64,8,2,10
4,44,49,57,33
36,54,39,10,79
44,75,9,57,35
3,26,79,55,13
22,29,2,11,13
29,20,53,18,11
58,13,37,16,9
10,50,20,32,13
44,80,70,66,17
43,55,29,63,15
4,17,1,24,42
40,17,52,54,80
35,9,24,63,79
39,15,3,63,2
46,17,9,26,42
33,58,75,29,60
33,80,64,53,21
70,12,17,2,14
9,4,63,61,53
49,74,16,68,1
39,34,29,63,32
19,38,44,46,70
63,42,19,29,52
59,9,72,42,12
64,59,44,42,56
15,3,61,30,53
20,49,57,77,1
38,69,55,6,14
54,55,75,32,6
13,14,43,56,23
45,57,1,8,25
8,37,76,55,13
35,37,80,57,3
4,58,21,43,52
29,77,42,75,53
40,54,1,80,78
68,72,40,61,31
15,55,51,18,4
63,57,19,55,13
59,50,17,73,40
57,71,31,19,67
49,54,44,17,13
4,79,60,5,75
26,36,38,14,50
21,58,69,61,39
53,32,54,63,59
33,28,22,31,19
33,3,34,58,7
18,62,16,40,75
23,1,13,12,71
77,37,50,69,23
46,38,33,63,10
74,68,51,11,69
26,53,55,12,28
44,78,34,12,24
64,32,1,47,18
38,1,49,62,73
30,28,43,19,45
7,2,6,79,31
43,72,78,75,42
71,35,45,73,9
30,79,46,58,15
21,68,28,1,54
30,50,13,47,78
35,41,8,45,54
28,72,74,73,11
45,69,20,65,35
41,35,25,18,60
75,37,11,15,13
73,71,46,6,78
64,30,2,17,41
63,45,15,47,21
51,35,26,70,78
51,46,5,2,47
59,65,50,23,16
9,50,74,58,51
44,39,54,23,57
52,44,60,50,70
53,77,34,17,63
44,18,6,16,41
58,11,73,34,35
26,57,65,54,43
51,55,78,31,34
4,21,72,31,62
16,2,19,36,22
73,64,7,55,52
80,43,9,2,64
65,72,39,62,41
26,56,44,65,64
35,22,8,15,45
42,54,69,15,61
29,13,9,38,78
31,37,28,11,24
35,68,45,34,71
75,26,53,18,48
29,13,5,50,58
67,63,48,41,71
29,50,44,16,23
15,69,44,78,13
45,51,34,14,44
14,56,39,34,55
8,32,80,76,36
63,56,38,10,1
5,19,31,30,65
11,31,44,68,19
24,8,30,47,19
14,1,62,27,55
68,29,66,2,16
65,37,38,75,52
34,73,71,41,9
77,7,8,47,5
39,59,79,5,57
69,52,30,76,26
13,51,43,10,14
37,80,70,65,54
48,41,23,80,76
45,25,36,52,42
41,33,75,16,61
54,47,52,17,30
7,27,26,6,37
19,26,40,21,5
25,3,71,20,63
65,51,36,48,54
26,10,71,58,78
13,58,49,75,5
19,33,37,38,49
38,73,15,21,33
56,1,53,57,19
9,67,50,46,79
3,12,13,18,2
14,6,35,61,18
12,2,59,46,27
59,50,17,66,77
33,66,40,74,56
61,4,12,25,1
10,36,76,72,33
60,72,5,70,19
40,47,50,1,62
52,41,71,58,21
47,4,59,79,21
64,39,72,50,46
56,80,25,27,16
15,79,71,55,26
44,5,77,67,53
1,60,73,61,66
19,13,70,51,18
25,56,41,22,58
2,18,64,51,65
21,6,48,31,26
10,23,48,66,69
19,34,18,78,32
17,2,12,31,28
30,19,45,43,17
71,41,73,80,32
24,61,62,72,53
7,4,69,42,50
68,62,22,53,70
1,33,26,57,58
23,65,43,36,26
30,25,66,13,5
64,11,21,26,29
51,36,41,66,77
4,64,61,23,10
78,64,4,46,27
16,15,4,44,33
58,68,1,73,51
17,55,39,27,1
60,65,77,52,1
9,55,32,54,75
69,28,54,25,35
61,2,1,7,23
10,36,1,46,80
8,4,41,76,79
53,46,76,7,9
43,27,16,23,50
15,61,24,65,66
39,55,19,79,17
72,4,23,37,25
68,61,52,18,11
2,7,78,53,16
3,1,56,13,27
50,78,65,49,14
56,60,19,70,51
72,78,25,10,64
24,74,65,77,9
37,50,42,52,9
3,49,28,73,70
7,73,38,66,57
52,42,15,40,43
56,78,21,12,16
15,36,63,52,51
72,3,9,15,50
59,29,52,77,43
73,17,74,64,2
72,56,8,7,77
12,59,66,13,18
35,7,76,74,58
43,71,9,48,21
11,14,44,34,31
56,45,8,39,57
65,77,43,15,18
71,77,24,10,52
11,27,13,29,70
36,17,75,8,33
40,26,39,48,53
73,8,23,7,45
63,1,11,76,46
5,4,48,45,75
40,66,78,70,72
43,66,22,37,18
56,73,24,44,36
80,35,44,2,12
11,5,79,40,12
52,1,59,77,32
55,54,50,11,59
60,64,68,53,56
30,10,69,55,38
8,25,47,6,22
24,23,30,64,55
67,79,24,4,38
15,3,25,47,35
56,76,66,48,64
24,27,28,16,23
40,32,61,79,25
29,56,78,42,7
54,69,45,33,49
3,72,24,21,74
73,58,42,76,62
57,7,35,14,25
58,34,6,14,51
55,75,28,38,18
66,9,24,10,59
38,33,73,76,79
27,29,73,26,62
35,7,63,17,45
26,36,73,42,37
56,10,32,34,63
40,53,12,34,5
34,53,49,20,78
30,11,28,5,63
78,24,3,66,50
67,53,72,59,75
49,12,16,46,77
3,68,77,20,63
59,58,48,22,14
18,6,59,11,31
22,2,61,38,78
36,59,15,40,29
5,7,70,9,15
37,72,53,14,68
52,24,60,33,72
48,70,77,7,62
63,55,21,16,78
23,41,80,44,37
42,68,65,29,62
49,31,28,78,53
27,5,17,60,11
29,50,65,12,18
20,51,54,34,76
43,63,39,28,57
55,75,42,23,64
38,64,54,50,57
24,38,78,77,60
24,44,63,32,71
10,25,41,31,76
76,11,28,58,74
36,1,78,79,48
57,42,56,3,37
35,80,40,39,79
61,20,10,17,37
36,51,10,40,72
18,38,42,59,34
44,74,15,76,61
30,22,47,1,57
49,10,36,15,23
47,73,46,48,26
51,73,77,15,41
80,15,55,60,27
39,7,5,45,77
55,52,53,20,66
72,45,54,17,14
67,6,78,42,8
68,71,76,46,6
79,56,38,4,80
58,4,9,18,32
16,1,45,50,30
69,76,74,43,68
40,79,19,53,74
7,59,44,5,65
67,6,43,36,63
38,68,15,22,9
22,23,24,44,67
45,60,66,64,71
30,22,48,50,3
1,27,38,62,30
54,41,79,7,29
64,28,76,4,8
3,80,49,19,45
77,51,19,27,14
30,27,37,80,58
75,38,30,63,35
2,22,19,78,31
25,5,58,47,49
25,2,67,60,43
57,8,23,29,38
28,72,16,20,62
8,70,29,32,10
22,46,72,11,29
13,39,55,69,29
73,10,27,54,35
12,10,62,71,68
37,36,50,75,30
4,11,5,29,1
45,62,47,58,72
17,34,8,67,49
74,70,22,64,60
72,27,69,48,12
73,22,16,18,4
55,51,34,79,9
13,5,62,44,20
46,8,11,80,45
18,75,6,30,29
68,46,61,49,76
1,54,44,45,15
75,4,15,40,19
76,56,66,42,4
71,46,44,78,9
54,13,35,12,33
14,33,64,49,77
18,33,41,42,77
21,44,24,7,34
38,62,78,17,55
8,56,10,53,48
66,53,50,56,59
62,11,8,79,25
75,26,25,44,33
52,6,61,75,25
29,51,14,58,33
7,31,20,4,52
36,47,53,42,49
35,43,49,46,34
10,52,26,68,58
48,26,15,57,2
24,50,13,27,61
65,62,22,55,7
25,14,56,21,10
45,2,80,54,15
37,4,46,3,35
1,14,20,57,7
19,43,39,17,54
18,27,22,2,68
71,32,15,45,17
7,59,31,26,76
71,43,35,26,53
9,54,23,31,15
13,62,4,27,42
8,73,10,41,49
31,34,36,50,77
4,52,2,63,19
14,67,38,49,64
63,74,46,34,44
17,28,7,73,18
2,42,19,60,9
60,43,3,44,66
9,31,5,77,73
47,55,50,1,28
70,44,17,71,21
51,55,28,69,73
69,66,59,14,32
37,26,7,32,12
57,20,14,18,58
68,15,1,66,44
61,79,21,38,49
50,6,23,61,58
22,4,8,30,63
34,24,57,18,10
62,16,42,51,33
63,10,22,21,36
20,55,6,49,18
36,70,38,65,24
69,20,36,42,57
78,12,17,24,11
25,47,8,79,12
17,29,70,46,26
19,39,75,2,37
57,41,54,77,62
71,44,51,43,45
48,64,41,52,25
76,38,28,55,69
75,77,42,23,40
15,70,75,36,58
80,76,52,16,49
16,68,73,4,78
77,57,50,14,32
52,63,33,71,57
47,14,21,25,26
25,31,79,28,3
70,18,59,44,63
29,11,10,57,72
53,23,58,39,18
60,10,3,67,48
34,58,80,46,32
35,64,54,33,34
46,80,47,34,32
22,18,64,31,19
79,50,59,16,66
27,70,4,60,7
80,71,20,8,43
78,65,44,67,1
28,63,25,78,15
68,8,43,50,17
28,36,77,38,37
26,49,31,62,65
80,74,51,35,39
64,75,52,27,46
31,68,24,57,38
65,61,26,27,37
9,64,16,68,8
63,19,56,40,59
41,57,79,24,68
63,75,24,72,26
20,40,58,39,49
39,40,13,74,63
61,64,17,66,9
67,32,73,54,65
59,14,48,60,68
36,4,3,6,70
59,78,5,31,61
15,79,63,22,28
1,29,61,38,69
55,12,48,79,34
33,10,69,70,53
44,35,49,62,15
23,20,14,21,59
60,69,40,49,63
59,36,72,55,63
43,24,9,16,46
38,44,72,23,21
67,55,63,17,5
76,69,15,48,59
32,12,59,4,55
11,72,48,29,56
71,63,61,40,62
11,7,42,78,47
30,17,29,40,80
25,7,10,75,16
12,36,39,72,24
61,34,19,35,58
50,54,61,31,10
68,4,42,21,55
52,79,8,38,68
2,26,13,18,62
48,55,40,22,6
4,70,74,45,68
37,60,77,32,62
15,9,49,50,38
60,46,18,56,44
1,34,58,37,26
14,17,2,54,80
12,73,2,57,68
33,63,16,67,51
41,15,47,51,28
66,65,8,39,38
16,40,46,45,80
37,50,67,72,76
41,33,60,26,20
46,10,17,43,29
38,77,56,30,5
5,2,19,61,74
13,57,59,78,49
15,2,9,46,62
36,53,79,28,26
19,67,44,14,23
52,57,12,48,22
14,30,33,65,73
16,7,14,43,4
27,36,51,41,21
48,29,16,32,54
42,24,52,65,43
27,2,21,57,43
16,31,8,2,54
1,72,73,19,16
48,35,2,21,23
2,11,6,51,5
53,51,66,67,60
59,4,11,76,33
34,4,63,10,20
68,43,76,69,71
38,45,48,35,14
34,69,15,27,2
14,73,74,77,47
31,14,53,67,10
48,59,74,26,20
16,11,4,63,34
66,75,76,29,7
66,39,21,74,41
45,40,49,68,24
4,39,19,41,22
25,22,15,10,78
69,32,13,25,16
67,52,40,8,70
20,57,75,39,6
22,10,72,31,54
51,68,59,73,20
50,1,16,80,21
10,38,21,54,26
73,40,54,26,11
44,59,38,10,47
75,4,36,58,51
77,19,49,28,53
1,60,16,30,67
73,74,47,24,68
11,70,37,64,41
8,73,72,2,56
4,28,15,34,52
30,45,38,53,63
24,19,67,26,59
69,58,45,78,20
18,72,44,9,56
48,55,19,11,27
68,46,13,67,22
76,47,20,56,19
33,21,68,29,10
80,52,15,29,79
44,34,72,11,22
39,50,80,45,14
14,74,7,49,56
34,2,47,29,70
18,11,80,50,51
44,30,7,45,57
71,51,21,33,37
22,8,64,12,52
60,61,76,72,37
31,36,45,14,27
44,52,40,64,45
65,28,37,56,59
38,61,57,72,17
3,29,30,37,11
1,57,41,78,5
60,31,30,26,39
29,23,68,3,25
41,75,72,23,25
37,24,22,48,40
59,12,2,45,74
53,1,67,25,74
19,45,38,14,47
15,14,73,41,42
38,24,25,31,20
1,49,56,4,68
65,46,76,45,55
46,64,73,25,7
10,8,34,54,4
41,42,55,54,24
52,64,35,71,80
75,53,61,43,22
74,16,65,36,3
37,26,42,32,7
51,32,78,6,61
14,51,22,30,9
24,23,16,30,76
68,46,42,61,22
20,31,61,41,34
42,58,6,41,47
76,80,49,6,19
33,61,30,75,13
7,75,17,56,27
42,48,12,11,13
37,23,28,35,11
59,43,27,66,14
12,62,54,3,67
79,28,4,23,39
38,64,47,42,66
41,47,46,15,16
53,14,12,27,74
30,12,28,39,36
47,17,31,28,30
37,75,48,65,69
1,4,57,19,53
36,33,44,62,39
57,39,56,54,42
32,11,51,56,18
43,21,59,40,53
4,77,56,74,67
73,33,8,54,40
21,57,7,42,49
61,1,25,62,29
23,10,48,74,63
66,26,20,7,8
72,13,19,20,6
67,45,11,77,62
76,10,1,49,34
45,27,53,56,7
11,55,38,51,48
53,32,73,24,42
61,40,3,60,9
15,79,43,56,63
42,20,32,8,68
44,28,70,57,30
54,63,27,51,74
12,61,65,45,16
69,26,40,13,67
10,18,80,24,69
61,58,76,33,4
37,16,63,64,60
13,48,7,17,15
55,50,65,77,18
4,51,9,58,47
6,24,66,78,65
70,46,33,13,51
58,69,4,51,77
32,45,69,72,15
26,43,52,27,40
63,40,21,72,74
57,53,63,5,55
43,26,50,19,42
11,53,79,1,57
17,37,64,12,45
68,2,70,9,47
29,66,47,27,39
62,64,65,8,61
16,54,56,38,7
59,67,71,62,20
5,22,80,28,64
45,18,12,35,31
46,13,51,77,34
74,12,47,20,71
77,28,74,70,61
15,50,41,72,17
58,15,7,12,43
52,64,25,39,79
60,44,2,48,39
39,24,31,9,78
22,63,40,57,6
51,80,6,42,52
70,17,2,30,45
16,79,15,30,38
78,76,44,4,38
40,71,35,54,66
60,32,71,80,38
49,59,79,27,12
1,23,46,12,51
61,73,21,50,51
53,46,48,59,45
53,34,62,20,36
69,61,63,70,3
19,33,63,61,53
58,77,74,71,73
42,45,49,36,28
79,36,5,1,64
11,22,52,35,9
7,49,40,12,65
77,15,50,79,76
9,54,58,69,51
28,72,24,46,4
32,54,66,39,22
33,68,55,36,80
13,38,21,44,74
55,17,21,57,43
66,30,42,37,78
2,21,57,31,37
42,9,68,23,63
17,24,46,53,10
43,70,40,20,61
32,39,72,17,55
12,4,33,62,38
37,70,55,71,16
34,29,12,31,68
5,6,22,47,16
30,24,29,62,35
23,33,37,67,5
41,79,44,66,73
70,69,29,24,36
65,68,10,26,66
29,27,16,39,38
35,70,43,61,2
75,31,69,71,45
79,71,41,21,11
13,67,74,5,68
34,73,51,58,61
5,42,79,78,59
74,50,35,16,49
79,39,31,60,5
17,5,80,18,28
67,33,1,40,75
56,15,49,65,25
78,72,11,64,8
21,41,69,36,58
70,36,45,40,57
13,66,49,24,26
69,7,74,72,32
57,15,30,14,18
25,31,75,27,35
7,62,34,59,19
9,63,33,2,41
15,28,48,79,8
3,49,27,43,72
56,55,73,46,52
17,20,60,68,2
23,51,79,28,33
5,7,1,56,30
66,1,47,63,15
12,55,17,37,64
7,69,21,23,75
17,41,47,10,50
60,75,19,39,54
20,51,14,31,3
10,23,55,69,6
65,2,52,77,75
75,37,28,17,14
57,27,50,34,61
54,73,79,14,71
40,29,44,50,74
26,48,66,71,8
62,22,8,24,10
75,11,1,39,41
25,10,11,48,2
48,10,78,26,22
61,27,65,59,9
53,79,17,5,32
69,75,29,40,25
16,7,62,19,55
42,35,39,37,4
43,57,69,3,29
66,57,29,39,30
18,46,29,21,74
60,71,49,42,46
68,64,18,8,59
59,27,45,10,37
64,27,73,5,32
5,27,1,62,67
27,32,80,57,61
37,26,80,19,14
73,48,51,14,63
62,42,36,75,24
51,2,27,4,36
29,4,65,59,57
19,50,37,72,13
75,40,19,80,24
33,30,18,3,69
72,52,67,64,10
72,63,23,5,51
59,30,26,27,15
6,48,57,71,1
38,2,33,51,70
14,80,17,7,74
22,44,35,13,9
64,5,15,65,26
57,50,70,35,44
25,57,40,50,46
11,73,30,28,63
30,12,40,61,27
21,17,13,62,48
36,16,61,53,44
75,66,65,5,68
43,24,14,78,5
59,54,36,12,73
24,39,15,4,66
48,74,42,75,46
2,1,36,73,20
56,20,61,36,54
55,43,51,68,71
67,72,77,47,2
51,11,50,33,76
77,23,26,4,5
22,74,21,35,17
22,16,49,11,53
42,69,14,59,53
10,50,37,59,61
77,13,17,62,5
5,58,27,70,17
22,51,66,59,20
9,19,72,73,35
50,71,43,8,23
18,1,53,56,30
29,61,12,73,69
65,44,28,76,72
61,76,50,60,28
42,28,70,34,24
32,48,79,80,45
69,67,62,59,73
80,38,31,76,30
6,77,32,76,5
20,61,58,10,73
46,15,70,53,73
71,5,37,53,24
23,48,53,71,16
50,76,58,37,65
6,33,54,13,15
8,70,39,77,30
61,2,26,74,42
36,23,65,64,73
74,23,40,27,25
59,37,45,18,12
47,21,65,53,17
17,65,16,37,69
66,76,21,71,35
35,66,61,39,47
3,53,75,15,19
69,5,39,58,17
19,58,70,74,55
76,10,77,42,31
62,63,23,37,72
3,65,40,72,45
67,28,64,79,5
4,49,65,71,11
11,10,55,53,6
20,6,10,3,76
48,33,1,27,20
15,14,8,24,28
39,20,70,52,28
21,56,67,68,77
62,39,15,55,33
52,39,37,45,71
23,19,45,61,77
5,40,31,43,49
29,39,75,3,21
24,11,79,31,27
37,36,68,44,32
56,39,14,68,47
40,18,71,37,44
45,52,48,73,13
21,10,9,32,59
60,49,66,70,57
43,57,3,15,68
77,38,14,58,15
6,58,49,30,27
62,41,52,78,24
24,47,61,16,68
43,54,34,14,23
22,41,73,24,69
44,27,42,41,35
23,79,33,22,80
57,20,73,75,54
16,12,30,48,29
52,63,18,35,26
1,45,48,61,60
10,23,57,2,16
15,74,41,25,39
68,78,79,24,1
6,58,45,29,44
17,71,33,41,54
60,74,71,23,66
71,53,1,78,61
46,77,75,57,20
46,4,77,40,34
29,52,38,39,1
38,6,52,31,23
54,79,80,50,63
16,19,62,69,59
44,76,45,59,12
76,31,58,23,47
59,53,38,78,74
50,39,53,65,18
55,72,17,31,54
21,43,29,69,12
17,69,10,57,40
80,36,41,2,6
16,24,14,12,74
1,20,26,23,18
45,18,47,13,35
23,80,35,48,40
22,79,68,9,72
39,65,24,45,64
78,42,50,43,19
73,27,74,26,33
53,60,29,1,57
56,13,19,62,35
47,64,65,77,29
38,16,32,67,1
75,12,43,1,69
79,40,10,11,45
79,46,3,24,35
75,27,32,59,8
45,20,42,35,57
6,33,62,53,43
49,5,74,29,42
35,79,71,27,12
59,8,34,61,27
13,8,55,53,54
33,70,9,48,46
29,72,17,5,49
29,56,18,68,53
45,67,27,42,41
74,68,4,53,35
61,56,10,36,74
5,31,45,74,44
36,6,16,29,54
47,31,46,60,67
12,42,17,72,2
75,28,22,58,51
53,72,66,58,20
49,75,56,7,18
9,42,76,74,78
39,77,58,28,59
20,7,64,53,2
52,40,70,38,17
4,60,61,26,3
78,3,63,46,17
63,50,79,44,46
64,16,9,17,58
56,55,14,27,26
74,13,73,24,65
7,73,49,29,72
3,23,4,57,34
67,8,33,4,72
47,71,27,61,15
50,46,23,63,75
33,77,37,28,8
51,23,71,49,15
16,50,73,78,2
27,20,79,72,75
77,37,18,26,49
38,66,36,19,54
26,31,80,39,45
1,30,71,57,42
41,14,36,29,28
56,77,69,43,15
15,48,20,75,79
40,77,68,8,30
64,49,22,63,30
1,11,27,15,65
31,55,60,53,68
28,8,74,31,13
13,42,14,58,61
42,3,75,77,8
42,40,66,34,49
67,40,66,77,72
24,28,47,35,31
4,68,19,10,79
35,47,79,76,45
43,51,16,59,76
52,36,23,69,34
61,65,22,70,66
4,12,61,62,17
42,10,48,60,12
30,79,57,66,51
47,75,4,51,63
29,56,36,25,70
43,20,65,32,29
2,75,8,60,33
60,67,40,11,4
18,59,49,60,30
26,55,56,18,46
31,78,29,25,9
52,56,6,46,53
35,20,59,77,4
76,36,42,7,49
70,8,41,40,80
52,57,70,68,45
60,11,34,31,43
68,35,3,78,75
19,57,51,30,36
29,67,15,11,48
46,67,29,28,40
67,79,3,1,5
53,52,76,48,15
12,68,43,46,25
51,31,59,73,77
38,43,70,76,60
8,71,69,14,79
72,71,50,28,57
24,76,66,30,18
18,13,9,7,24
62,40,79,28,76
55,72,46,2,50
32,55,44,35,65
34,43,4,6,22
51,77,35,71,79
24,67,15,16,27
19,31,46,70,36
21,4,79,76,18
40,36,13,56,55
63,24,41,5,18
4,78,20,28,60
30,80,53,64,59
13,62,52,4,51
17,6,25,26,76
74,34,63,23,73
73,35,69,42,62
12,70,55,27,49
64,77,42,45,32
32,63,9,54,24
69,50,56,34,54
45,35,60,34,16
31,59,47,36,46
39,6,30,40,9
72,23,3,32,80
56,9,60,64,22
19,50,18,67,54
1,54,70,36,46
61,22,19,26,20
22,54,16,77,67
27,57,38,28,44
7,5,16,25,26
44,68,23,79,54
47,39,66,2,23
48,80,59,55,45
2,53,21,59,74
67,3,34,17,16
3,10,70,40,9
49,12,62,38,26
42,8,28,68,51
25,27,9,12,6
26,45,13,63,68
66,74,64,16,77
53,41,2,72,71
48,23,78,18,79
60,41,57,80,68
6,16,10,49,78
47,8,74,29,19
60,20,58,11,18
69,54,39,52,63
37,59,16,53,32
53,67,43,9,22
76,31,46,23,47
72,71,28,79,33
68,23,33,73,3
59,22,63,62,77
36,5,73,21,45
67,12,4,57,26
37,23,24,78,49
24,26,35,75,8
27,46,26,75,51
29,48,62,36,35
20,40,62,50,4
10,44,56,71,23
14,2,35,28,48
52,65,59,16,56
10,64,24,5,51
58,41,48,7,62
43,48,45,66,69
37,49,4,68,51
68,14,28,15,58
37,42,64,48,71
56,29,17,61,20
71,32,57,62,49
62,52,3,10,60
9,27,74,55,63
61,49,80,28,30
39,22,40,5,56
42,5,66,6,4
1,53,13,72,54
12,16,50,35,7
40,15,7,16,43
47,31,19,49,65
4,30,80,29,21
2,41,15,61,38
75,3,34,22,72
32,25,64,80,51
45,21,18,47,43
35,1,79,11,77
63,3,54,49,8
27,67,20,48,29
65,20,79,36,59
53,79,67,73,34
78,29,25,71,72
76,28,55,6,36
13,4,14,5,17
35,65,5,12,29
8,80,43,65,1
44,16,31,68,36
50,76,39,67,49
50,33,69,52,70
18,59,65,5,49
43,29,68,40,62
62,42,44,32,52
2,5,27,29,80
54,42,68,63,57
55,46,70,57,49
50,69,68,22,23
40,62,75,18,66
62,18,77,59,72
39,28,80,58,12
28,44,55,39,18
34,10,55,4,5
55,23,75,35,50
60,35,23,22,10
70,29,67,58,15
36,22,79,41,5
45,48,20,38,40
78,74,33,46,72
73,51,4,13,72
68,27,15,40,76
28,46,39,33,74
13,7,11,35,26
13,50,32,6,47
10,59,37,26,33
34,77,16,28,64
51,28,77,59,68
75,36,78,39,79
21,11,4,53,10
69,19,73,46,7
77,48,53,79,6
55,15,43,37,25
4,49,46,48,65
60,22,15,34,61
66,67,58,75,44
10,15,4,54,48
52,51,2,26,65
24,10,2,34,14
60,70,34,55,37
12,75,40,39,70
27,5,50,62,30
52,5,26,20,80
38,36,10,51,80
63,3,62,66,69
22,38,57,62,1
63,41,42,69,39
4,46,15,5,60
68,76,17,50,21
40,22,39,25,17
73,52,10,75,4
62,74,15,80,26
23,53,36,33,6
8,80,55,74,1
16,61,21,28,19
34,28,48,64,8
74,36,48,71,52
62,14,7,24,68
37,76,51,49,42
50,78,29,22,58
48,76,70,22,31
77,12,46,72,48
75,24,73,14,27
7,55,37,25,26
7,57,4,52,33
18,8,47,4,78
73,7,74,60,4
28,78,55,5,58
38,64,18,11,4
71,77,23,75,32
50,49,54,11,48
19,44,37,1,48
43,34,21,37,71
76,29,47,33,63
6,5,41,76,4
36,68,67,57,38
47,76,52,45,73
59,10,64,40,74
7,52,6,51,14
39,49,31,54,33
6,32,47,78,54
14,68,10,22,77
6,28,38,77,37
18,41,24,76,67
61,27,58,15,30
16,50,26,47,78
66,31,79,39,46
39,53,3,45,21
34,71,50,78,77
69,70,13,71,61
60,23,26,17,12
31,60,62,76,73
55,44,80,49,47
39,25,52,53,38
55,26,47,54,79
43,68,37,75,39
49,8,64,63,31
73,54,41,4,39
28,68,70,66,61
55,64,28,13,9
45,47,7,8,62
53,75,44,10,31
28,33,3,52,57
12,18,26,31,33
52,79,7,12,68
60,64,2,31,14
14,28,39,77,71
50,37,44,32,58
48,15,52,58,41
56,24,29,7,35
55,49,26,2,4
50,1,57,30,65
69,72,28,41,11
18,5,58,32,64
57,72,59,52,22
2,42,75,52,13
26,47,20,17,19
31,27,63,18,78
1,31,48,78,44
52,46,4,38,72
61,60,76,2,64
33,23,44,4,46
59,18,69,29,26
5,56,18,22,34
39,69,15,40,11
31,19,41,47,55
61,69,48,66,72
78,40,80,41,23
57,25,20,4,2
20,34,4,56,25
69,74,56,78,75
7,33,36,5,38
52,23,1,53,10
1,79,57,15,20
52,8,67,30,25
1,53,48,62,42
30,47,55,58,28
2,17,74,22,75
11,18,53,56,26
29,62,65,21,60
15,39,11,26,29
31,78,68,21,62
31,54,72,1,44
5,35,62,58,29
39,33,48,65,77
62,55,25,69,24
32,47,69,26,14
20,36,1,61,31
20,42,49,72,33
2,76,42,11,28
47,28,56,14,17
22,39,55,9,38
60,49,58,4,51
32,5,1,71,53
6,38,53,24,25
46,53,75,70,1
3,35,31,29,48
11,75,25,1,30
11,25,50,8,26
1,70,80,59,31
60,14,25,29,77
33,79,37,44,50
78,13,75,58,47
30,17,28,37,46
11,30,37,70,46
38,76,64,1,53
66,59,41,25,74
9,66,71,11,77
78,43,40,44,30
15,47,29,26,79
56,52,37,65,49
17,37,10,13,38
36,15,31,26,43
77,66,48,64,13
60,41,43,1,33
66,65,76,38,61
61,16,80,36,10
18,54,55,31,15
67,77,55,34,72
10,61,73,8,7
47,1,73,58,64
72,7,73,15,1
71,53,33,79,56
47,28,73,40,5
56,16,3,2,73
11,68,5,79,60
17,37,33,19,71
35,22,59,26,66
37,65,79,72,49
35,44,41,47,31
19,69,4,71,29
36,26,12,75,45
15,11,47,53,9
5,10,49,61,33
41,54,33,48,5
63,13,26,10,38
25,4,45,41,9
49,53,19,2,69
73,70,40,5,1
51,52,56,23,25
60,12,18,40,39
19,5,72,69,37
68,6,73,14,66
35,40,74,17,46
22,5,62,7,40
38,41,2,44,34
30,19,43,31,52
39,73,8,17,6
66,5,9,74,62
25,52,35,60,57
76,33,17,15,73
79,25,69,78,32
31,17,30,39,75
35,73,58,77,64
22,48,13,15,43
37,31,71,51,18
33,35,68,42,3
30,34,40,69,32
38,25,23,16,53
43,25,34,28,56
44,57,66,1,4
33,5,58,38,78
43,48,74,10,37
69,23,14,19,68
16,8,63,72,58
15,42,40,52,34
37,5,40,3,48
25,12,55,80,30
75,34,76,71,78
64,41,56,30,19
59,54,1,20,71
7,68,41,49,11
49,17,40,4,38
66,64,72,47,41
57,18,34,74,12
11,73,58,79,49
54,68,10,51,28
42,29,63,80,10
28,61,26,71,10
5,42,40,57,53
11,39,49,44,71
19,1,40,53,7
45,17,37,3,36
65,18,36,79,49
18,72,25,9,65
56,13,39,72,2
30,75,68,32,25
52,8,60,12,48
33,4,55,27,19
25,9,31,26,40
54,70,48,32,51
7,75,62,64,56
18,39,5,37,58
77,43,55,31,46
74,34,78,45,24
33,39,57,13,64
32,44,43,4,52
5,64,10,26,6
14,15,36,29,4
10,38,7,6,48
72,18,52,21,60
44,70,58,42,62
17,39,76,45,14
72,19,75,7,78
44,15,5,1,27
6,65,40,35,53
44,17,25,21,75
78,69,75,53,38
22,17,1,38,67
33,31,63,67,72
24,8,72,39,31
77,29,11,26,12
28,9,62,14,56
37,10,13,3,80
17,68,23,10,45
55,11,37,68,62
33,14,13,8,59
67,19,66,78,55
43,44,57,80,6
23,60,18,15,34
23,11,70,29,62
51,21,28,58,29
77,73,37,62,31
23,57,8,15,1
7,23,58,49,65
41,66,31,35,75
2,37,67,9,66
64,18,27,50,63
42,15,43,34,16
20,63,57,66,6
17,46,29,20,79
80,29,75,36,15
45,12,71,69,77
35,61,68,67,8
57,80,31,79,18
69,6,80,68,57
39,69,33,32,10
6,2,73,76,54
54,25,62,12,5
47,14,10,8,48
10,68,74,61,53
9,62,59,74,27
47,27,36,62,12
33,11,67,13,20
26,9,36,54,20
44,13,39,29,31
51,44,75,54,55
59,2,39,6,73
2,10,58,13,55
63,78,8,38,40
24,7,9,80,22
70,79,14,69,21
77,2,71,57,53
29,77,66,69,22
5,80,28,39,75
2,15,36,5,62
44,76,79,71,57
75,52,33,41,56
26,68,24,28,48
75,77,80,51,53
11,15,25,6,48
24,25,31,4,23
28,41,79,58,60
23,40,73,49,28
65,19,31,62,44
42,54,3,37,70
12,22,40,33,56
43,70,44,48,69
37,9,27,76,67
23,31,29,11,44
78,40,11,27,22
29,18,24,77,66
28,26,60,6,15
13,19,27,44,30
2,38,10,73,49
25,75,31,71,6
50,10,5,36,60
55,69,43,35,40
75,3,74,78,39
47,6,37,21,9
80,48,16,21,6
10,11,47,5,65
79,15,62,58,26
23,2,37,58,72
55,43,79,80,50
15,1,14,23,30
50,32,19,43,52
61,75,33,44,25
67,41,27,71,72
7,59,35,71,54
14,76,24,79,11
51,32,14,38,60
8,75,55,26,4
36,53,79,73,4
43,36,41,17,37
71,42,36,51,78
46,43,71,66,40
54,62,37,14,6
76,46,55,54,39
42,3,1,31,37
68,47,20,18,25
55,20,19,30,78
13,46,47,18,37
49,59,7,11,41
73,8,29,59,39
18,67,53,79,59
75,9,33,60,70
56,6,50,16,31
43,42,76,12,79
8,2,69,20,24
13,77,19,34,69
1,3,53,39,59
80,72,29,53,45
68,3,12,4,13
14,10,37,74,61
13,65,39,6,43
19,67,6,46,9
14,30,76,19,72
42,46,56,31,12
30,53,14,51,71
9,21,75,39,47
51,9,18,56,27
33,9,39,8,51
40,57,41,29,70
10,15,14,63,73
43,74,68,15,75
62,31,20,79,13
54,56,6,49,51
12,40,33,67,34
63,1,28,50,74
44,9,63,17,50
5,29,50,19,10
3,48,28,1,69
50,59,25,72,4
68,41,70,18,2
65,56,13,1,42
68,37,80,74,17
33,72,45,43,65
68,64,9,37,3
12,71,51,65,10
66,17,67,75,6
1,33,4,49,3
76,64,20,41,17
29,19,32,30,22
19,62,2,31,5
54,19,47,41,10
23,32,73,42,24
16,39,29,70,32
79,57,70,20,40
36,77,22,68,41
8,12,36,59,26
62,25,44,4,35
79,25,24,48,52
20,4,64,80,15
3,18,63,16,2
16,70,39,76,50
10,34,58,75,80
69,63,62,45,7
5,61,26,59,20
17,1,4,54,55
61,10,80,62,45
1,59,72,69,52
42,64,25,44,69
27,47,73,5,22
44,4,2,30,37
52,20,79,48,80
24,78,62,13,61
68,60,52,73,21
48,39,1,56,31
15,25,30,78,26
1,53,38,77,32
3,70,78,12,4
25,28,37,56,22
45,46,16,77,50
48,41,76,71,22
60,17,42,15,5
2,50,54,18,35
77,68,49,59,75
22,74,63,3,68
16,43,30,34,51
14,65,29,47,10
72,73,39,4,2
43,32,77,2,10
8,34,18,35,67
7,71,76,74,68
29,54,59,44,36
1,70,18,50,20
22,60,78,58,41
49,15,28,80,61
6,67,60,42,38
57,38,21,59,10
7,29,40,41,53
46,42,35,15,4
8,6,46,37,53
9,53,7,67,6
20,74,51,62,1
44,34,60,28,6
52,15,72,21,13
62,52,67,22,5
72,77,53,46,79
52,56,70,19,74
69,72,9,13,58
20,3,68,58,45
7,40,45,10,49
21,13,66,80,64
38,80,14,39,22
3,39,22,69,13
60,73,35,63,13
52,41,55,6,37
61,16,53,74,48
9,47,46,72,17
5,59,27,46,26
66,58,68,2,47
6,67,56,11,4
70,27,73,54,44
31,36,22,77,12
80,7,19,40,63
70,9,40,25,37
38,50,13,20,2
66,16,46,51,44
21,17,42,25,14
45,19,35,77,60
16,18,80,37,26
21,60,7,72,75
20,64,74,76,21
74,20,58,1,4
61,49,71,75,64
50,17,49,78,51
52,70,12,65,10
33,40,13,69,57
75,51,47,61,62
62,14,72,61,64
62,55,75,41,80
56,2,61,20,27
36,9,79,41,28
1,5,80,25,8
78,5,35,44,11
9,42,79,60,72
62,4,74,6,7
1,27,57,77,32
7,61,13,32,17
40,43,37,50,58
57,3,55,54,51
26,34,37,45,44
4,56,57,62,65
11,7,46,53,55
14,69,28,48,67
9,2,1,4,67
44,68,45,51,23
31,34,71,56,54
70,47,69,42,52
59,60,80,10,33
64,63,66,45,15
27,40,71,1,30
72,47,51,68,15
2,13,22,34,61
25,7,73,20,36
48,80,16,17,73
47,72,6,3,30
34,4,30,11,62
41,60,58,9,13
78,42,50,2,46
74,60,19,55,20
11,49,52,28,33
50,30,23,79,7
73,75,55,78,40
32,17,48,76,34
64,14,13,53,54
3,35,52,53,66
36,5,7,25,63
72,45,18,41,68
60,58,18,15,59
45,72,29,51,8
11,28,13,3,10
71,8,79,20,38
4,70,1,79,8
34,22,10,72,9
20,52,36,63,44
16,51,40,15,69
4,60,72,68,7
11,77,17,48,52
11,23,77,41,42
65,72,43,5,40
48,20,65,64,39
66,30,29,11,34
77,38,24,16,39
37,63,79,17,40
16,76,61,45,75
32,50,27,14,30
76,27,58,40,44
38,72,77,5,12
62,50,4,30,43
72,49,74,29,20
7,72,54,2,47
3,65,78,6,32
17,19,2,9,49
51,35,45,16,31
2,12,16,4,73
17,10,27,25,31
39,73,14,45,66
71,72,33,29,54
12,56,2,1,16
60,73,39,16,58
30,2,14,64,59
64,63,52,44,8
60,9,6,57,16
71,2,60,46,78
61,13,76,41,10
72,28,21,46,71
61,4,31,66,18
6,52,21,1,63
49,75,26,1,19
58,43,45,80,3
68,35,45,74,59
53,39,42,36,19
43,15,80,28,4
35,74,60,56,33
55,31,58,34,67
12,19,20,34,10
35,47,10,45,3
67,27,37,70,46
32,26,51,21,39
12,40,76,49,56
10,8,71,44,61
3,62,24,56,35
66,27,11,26,18
13,58,70,25,14
49,45,22,7,42
74,64,42,23,53
54,21,66,30,71
70,44,41,1,38
4,13,1,72,22
14,77,2,10,55
30,60,78,71,10
69,76,75,11,27
53,32,52,41,6
15,8,19,44,56
64,13,66,26,11
29,5,72,62,59
45,18,41,46,2
16,70,15,1,73
30,18,8,70,44
8,56,65,11,22
31,3,79,50,75
9,25,69,32,40
21,4,57,26,35
42,33,9,23,40
58,4,3,53,66
27,63,43,24,80
69,40,3,15,80
15,50,46,76,42
65,66,34,70,28
12,3,67,54,52
74,67,27,69,29
5,31,53,33,73
38,24,26,80,47
50,24,26,7,66
80,24,74,6,68
8,68,37,43,45
35,37,10,30,65
57,60,24,21,37
42,76,44,5,29
78,63,51,49,19
31,7,75,78,66
14,54,57,76,49
62,36,71,56,53
31,11,38,52,29
13,19,23,30,32
40,55,50,29,4
16,60,80,5,26
15,3,24,65,75
35,29,2,78,27
19,32,8,10,20
31,23,7,19,37
76,11,5,1,72
52,36,7,11,30
72,79,19,21,43
33,10,42,32,27
28,9,15,13,59
6,33,47,60,3
73,32,77,44,49
20,22,39,30,53
68,51,72,37,43
27,28,71,59,55
3,18,14,73,67
43,5,75,24,63
52,11,44,80,13
76,75,29,1,9
49,53,7,71,18
56,47,80,51,54
16,18,42,54,61
63,62,14,10,75
16,59,26,23,55
57,16,28,61,33
73,55,29,52,46
46,56,12,30,54
45,36,44,66,60
75,50,7,8,9
56,42,63,65,27
70,45,13,35,9
12,42,22,20,79
13,2,80,50,71
22,79,34,21,15
65,64,7,59,8
40,38,63,66,22
67,40,9,60,61
32,27,58,51,14
68,42,54,48,17
8,48,71,75,39
73,60,77,48,20
26,51,64,28,74
71,28,34,29,12
2,20,23,43,51
39,50,4,76,62
52,74,40,42,24
74,34,77,37,10
76,47,60,51,58
80,23,60,68,62
66,76,8,22,10
46,4,68,71,39
8,44,50,4,37
66,49,22,59,76
38,57,42,68,62
64,72,22,14,45
36,76,51,41,32
50,51,5,16,57
66,42,65,70,43
59,75,27,54,10
36,35,44,67,1
56,14,5,55,32
25,61,7,78,13
34,65,66,76,40
2,4,72,41,1
27,78,45,38,72
77,34,67,5,61
64,53,15,29,23
2,59,13,16,61
26,17,41,7,63
35,80,48,34,22
54,57,35,42,8
42,74,38,46,11
78,79,22,72,29
47,43,3,63,24
12,58,67,54,17
43,72,8,53,15
74,29,46,24,76
20,32,46,62,48
56,16,54,59,33
45,69,49,43,27
58,23,54,80,14
28,47,31,51,59
17,45,50,16,62
52,58,9,50,40
18,31,28,10,17
67,75,59,38,27
79,55,17,70,42
80,12,64,36,14
15,8,6,42,59
74,26,29,16,32
18,20,35,62,25
43,68,2,75,59
40,69,65,77,13
28,56,17,51,75
67,16,3,21,78
77,25,28,72,22
7,3,63,54,59
49,7,75,60,32
73,80,41,14,51
75,56,42,76,20
20,8,44,41,33
51,38,49,71,23
57,66,64,35,41
68,54,75,14,15
56,38,58,26,8
69,42,13,56,7
21,75,6,64,26
24,61,28,4,39
28,60,79,43,38
79,41,48,39,71
14,58,79,4,49
27,68,18,17,80
67,59,44,35,51
44,42,11,1,2
2,77,74,67,23
38,8,67,60,50
67,53,71,69,32
67,8,21,61,38
66,23,36,6,69
49,18,39,55,80
80,75,61,54,16
44,77,24,15,30
37,40,18,36,17
39,76,14,24,37
8,37,38,9,40
21,20,9,39,65
26,23,8,16,55
31,71,13,56,2
35,51,13,16,31
75,12,38,52,10
10,45,78,41,33
21,79,80,61,5
41,12,72,14,27
13,29,65,35,12
8,58,62,29,21
49,4,42,35,19
6,44,10,48,57
28,30,42,1,68
48,2,61,25,29
64,8,68,41,66
58,23,38,31,51
5,16,30,47,73
2,38,58,29,63
10,68,13,23,9
36,59,49,68,14
10,46,5,80,58
19,58,57,43,66
64,62,8,50,2
76,47,22,35,29
9,38,48,68,80
51,77,12,32,80
63,71,8,16,39
21,60,20,57,47
37,8,73,55,34
56,61,68,15,18
31,3,37,20,62
16,21,77,28,7
2,26,4,80,67
37,30,61,45,38
22,78,48,40,38
56,40,24,25,75
25,58,19,29,3
58,76,51,4,28
13,25,52,55,71
12,21,63,52,60
51,25,69,28,18
62,67,48,53,77
47,70,59,26,64
4,35,25,52,7
32,65,44,22,74
27,71,75,39,55
56,45,28,59,12
29,66,70,64,22
40,48,34,35,49
26,47,61,3,72
23,1,41,10,76
55,42,16,15,41
75,39,14,41,66
66,40,42,51,52
34,2,20,32,15
9,26,78,34,22
68,41,16,53,5
39,56,72,33,51
80,77,69,45,26
68,22,32,60,72
29,59,26,62,51
8,70,35,55,5
22,77,62,21,5
64,2,53,25,43
33,42,76,48,28
21,55,31,45,48
41,67,55,46,26
1,27,44,74,56
52,32,36,21,7
49,55,80,67,12
19,16,55,38,34
61,26,57,63,20
38,48,19,11,54
59,39,78,42,28
63,21,25,10,22
56,61,45,20,24
63,42,62,28,33
74,60,79,39,9
71,27,5,25,62
26,10,36,4,80
10,47,1,73,75
3,9,33,24,60
2,20,30,45,74
55,45,13,1,58
55,46,34,27,70
68,56,79,14,9
41,38,78,40,11
2,78,14,47,53
70,10,33,42,49
69,80,17,37,53
19,58,27,21,6
55,21,62,19,60
54,5,12,44,32
60,37,16,38,21
22,34,31,74,73
42,66,62,60,75
52,79,72,37,47
59,71,1,13,27
9,24,5,48,77
56,25,76,80,22
31,2,75,64,22
16,69,77,2,64
66,64,54,8,57
45,46,44,24,36
78,49,35,9,43
38,16,44,76,78
74,79,71,33,34
24,27,30,68,9
46,42,49,80,12
32,67,8,1,65
77,60,12,69,40
63,22,9,72,62
16,51,75,49,42
49,38,14,73,31
12,29,62,8,65
71,52,28,59,38
26,29,47,68,42
12,58,78,15,42
26,19,57,64,22
41,39,26,74,42
45,39,37,31,34
53,50,27,3,9
46,65,47,54,45
8,79,42,19,38
36,34,15,6,2
77,58,29,78,50
27,56,43,59,44
50,12,17,25,16
80,65,59,29,8
54,33,46,49,56
18,11,17,1,37
71,62,4,55,30
34,27,31,55,12
62,32,9,79,11
72,63,15,19,51
61,58,79,63,6
33,70,12,68,64
28,67,37,13,26
7,11,29,39,19
34,49,21,50,54
8,29,70,54,24
36,40,35,9,63
78,80,14,52,22
15,72,64,49,30
65,47,20,11,26
20,74,39,3,29
53,39,49,71,33
66,16,79,12,78
28,27,29,79,34
75,6,32,33,39
33,52,23,24,62
33,41,59,53,3
38,52,31,7,39
65,74,34,36,8
46,8,64,9,65
24,1,15,42,72
6,14,27,5,4
49,33,76,55,69
26,37,10,23,53
34,5,71,8,17
1,6,44,52,80
54,28,22,47,18
1,4,47,36,65
56,27,71,1,32
67,21,60,79,38
16,52,3,14,22
72,62,12,6,30
52,59,44,77,41
60,53,44,49,37
32,23,22,70,50
33,4,18,80,3
45,58,77,30,33
15,55,63,79,53
5,34,15,35,11
76,60,21,77,24
46,63,49,16,53
71,77,59,31,12
34,10,2,66,43
51,29,52,47,73
62,1,71,60,61
58,20,46,26,80
5,28,12,71,68
57,45,6,70,59
6,47,9,77,49
66,73,63,48,70
40,47,53,49,35
55,37,74,46,56
38,31,11,13,10
16,25,80,76,27
28,33,56,8,54
50,65,15,58,51
50,54,5,46,9
47,30,71,8,6
57,26,61,45,5
77,10,68,44,1
21,1,18,36,16
43,36,35,64,72
48,71,2,55,74
42,40,30,52,76
8,65,26,69,1
59,76,55,33,66
36,70,58,9,14
17,74,15,57,73
19,23,67,18,34
50,10,20,67,64
25,68,38,14,7
79,48,62,21,71
71,17,46,41,57
50,57,27,29,37
52,22,50,18,6
39,42,73,57,41
20,46,57,77,18
42,21,25,60,38
28,61,24,46,35
32,35,19,9,34
33,10,13,34,74
28,56,79,49,11
50,51,6,70,7
8,46,60,49,36
75,40,71,62,48
63,26,32,9,61
9,44,78,6,23
39,44,68,16,73
4,15,66,5,79
34,57,32,45,41
26,70,6,74,65
67,11,43,48,57
63,11,21,52,70
41,6,35,58,12
33,38,58,49,6
22,49,9,52,10
36,1,9,50,44
63,59,37,4,38
50,16,40,4,8
18,48,46,69,61
30,35,43,79,40
47,28,29,13,77
3,40,68,50,32
64,76,25,77,57
78,12,11,33,36
40,36,24,21,71
5,77,51,45,56
49,4,64,30,73
20,49,42,80,79
21,33,61,36,56
13,41,80,71,36
8,44,67,32,46
29,45,53,7,78
54,44,26,3,49
41,45,64,52,31
57,61,6,79,34
63,40,56,50,43
55,4,45,37,65
33,32,51,53,10
45,18,28,12,73
14,7,56,47,17
56,57,70,36,23
6,23,54,30,4
13,28,72,4,17
28,5,15,37,1
12,65,64,69,40
54,51,1,57,29
60,66,52,34,37
14,30,70,42,12
9,39,47,16,75
61,77,69,3,76
27,6,17,1,9
56,10,13,25,67
1,26,42,59,75
49,42,73,68,41
55,78,17,16,79
8,64,47,58,37
13,43,45,76,74
58,51,47,40,72
72,44,67,32,53
21,46,50,67,60
27,63,5,25,29
46,78,56,13,52
62,19,16,27,69
79,20,70,9,55
58,24,68,28,50
24,4,43,36,50
50,72,53,60,16
36,1,64,71,10
42,56,21,52,23
79,7,66,48,39
13,64,17,54,79
73,55,47,12,51
25,55,51,18,50
64,65,59,31,67
17,64,10,37,34
16,77,76,35,52
61,50,43,6,22
34,39,62,76,10
47,53,38,15,45
19,71,51,60,64
10,74,22,39,69
34,51,54,43,36
9,38,79,73,44
39,16,24,8,73
37,1,73,8,51
62,57,60,22,4
29,79,26,72,69
33,53,68,1,15
45,3,57,30,66
23,72,36,51,16
41,31,2,57,26
34,36,24,74,1
61,78,58,53,74
27,80,22,69,76
54,35,33,60,50
44,37,45,24,34
39,65,59,36,43
44,60,72,34,41
71,79,20,47,39
55,23,47,41,48
36,10,52,68,63
73,6,64,35,52
4,65,32,48,46
32,7,31,67,70
50,80,48,21,22
17,32,28,14,71
59,23,64,11,8
37,43,53,22,63
46,67,79,35,77
39,57,3,64,17
64,17,4,15,25
79,62,48,72,51
38,14,59,69,26
63,9,45,49,75
41,5,25,32,21
1,71,11,29,62
3,36,7,57,38
79,49,21,26,75
69,54,15,37,71
78,49,60,7,47
67,11,3,63,19
18,24,59,32,51
42,46,71,64,67
77,70,2,71,10
1,45,79,6,38
11,32,47,39,25
31,65,46,74,45
73,16,52,72,48
65,52,43,74,30
1,26,9,78,35
76,8,41,48,6
28,31,10,15,22
18,41,8,75,42
8,58,31,1,21
4,44,36,27,12
14,49,28,45,11
6,39,59,42,74
68,12,65,23,74
70,60,8,31,18
40,27,16,35,5
28,11,30,13,54
22,80,73,10,14
53,56,41,64,51
35,69,47,49,36
21,47,59,40,39
74,19,16,24,54
79,44,27,8,13
74,8,29,55,1
20,73,1,37,79
9,14,13,32,19
10,30,75,55,22
54,76,58,80,70
1,37,60,75,6
63,7,13,21,47
25,3,54,40,6
15,74,17,54,24
35,51,57,25,53
63,45,24,57,25
70,40,44,4,67
46,58,33,30,52
65,17,47,25,43
16,69,15,10,62
19,72,15,13,41
12,71,14,58,46
39,55,71,10,40
46,18,47,30,76
46,48,2,55,45
6,75,49,27,61
2,48,51,32,13
14,40,63,52,71
23,13,39,40,48
14,21,73,22,59
76,17,10,8,68
67,59,68,46,28
6,51,69,30,53
1,38,70,59,23
1,23,37,15,4
2,13,66,79,53
55,11,14,74,58
21,3,67,24,13
41,20,77,69,29
11,33,4,15,14
10,52,73,2,27
18,13,77,41,54
51,69,29,75,62
19,38,21,58,9
11,45,73,77,42
53,49,61,11,3
10,16,59,52,18
15,39,31,63,13
30,5,15,68,79
26,3,62,12,54
53,54,62,60,3
4,59,15,17,56
16,4,67,35,13
65,66,31,4,58
25,23,37,30,15
4,48,8,69,35
26,76,51,14,43
70,36,77,29,47
73,80,4,76,70
48,79,38,26,40
3,38,73,44,46
76,18,11,1,29
3,21,66,54,32
63,49,23,14,12
63,14,8,3,10
70,52,61,54,13
71,69,59,61,4
64,49,46,11,69
29,75,35,52,23
36,78,65,46,8
34,54,72,2,60
19,17,42,73,30
26,78,22,44,56
56,61,31,29,54
78,5,19,77,74
1,13,11,16,20
37,32,5,35,74
79,12,65,48,50
45,21,38,19,23
30,64,28,1,72
69,9,24,16,70
9,4,43,68,67
5,66,70,52,63
4,17,74,70,69
76,47,43,42,72
38,5,63,41,18
74,45,52,80,41
43,16,26,8,27
51,67,77,60,43
21,58,13,30,38
16,73,4,24,72
4,14,34,70,31
52,64,78,57,2
51,67,74,2,17
76,71,48,9,57
39,76,28,21,67
19,17,64,42,43
68,72,74,40,11
48,52,39,6,57
80,78,73,69,42
69,33,18,49,44
48,62,39,43,11
60,59,22,29,33
80,62,56,59,48
22,7,9,64,53
45,28,24,5,31
78,50,55,39,76
50,66,76,46,33
54,55,39,61,19
60,7,15,6,67
35,63,78,45,42
26,6,27,68,70
62,60,77,32,64
66,78,67,21,47
54,78,19,14,21
74,52,20,5,64
63,47,57,2,38
13,67,17,12,19
59,70,69,38,71
71,37,77,56,23
59,80,6,76,61
11,12,53,32,59
35,6,56,37,42
31,73,54,53,62
20,63,43,54,72
12,77,73,39,46
53,58,9,5,51
26,50,60,74,12
16,72,78,44,24
16,15,68,59,78
41,5,42,54,72
30,4,13,32,55
14,22,53,4,40
45,4,16,42,58
52,79,40,11,9
48,12,36,8,43
64,53,28,69,18
35,49,45,76,3
64,30,72,4,52
37,30,70,45,18
28,58,32,11,13
22,66,54,35,61
79,32,80,73,47
66,34,18,30,21
35,21,61,80,69
15,33,13,48,41
67,66,27,12,48
26,41,22,27,79
19,15,45,75,9
58,79,21,19,36
67,5,26,1,41
79,32,69,13,76
63,49,22,12,50
46,70,14,75,23
19,44,21,71,25
46,40,30,27,38
56,71,45,52,22
80,74,59,21,25
73,47,70,4,14
57,7,18,61,44
44,77,24,67,58
73,25,27,22,20
48,47,3,34,71
31,55,19,75,52
47,28,16,68,43
39,66,65,34,18
37,69,61,9,33
24,18,37,32,39
5,78,39,10,66
68,5,66,39,29
39,51,71,42,70
38,65,51,5,33
38,76,10,68,47
49,27,14,39,41
31,12,36,47,22
34,65,74,52,38
35,15,20,31,69
28,36,5,39,80
15,71,74,72,47
16,9,48,36,67
40,29,45,34,47
7,18,8,35,25
4,5,27,72,64
5,49,9,69,39
15,10,7,77,26
75,63,64,53,55
34,16,65,54,38
73,50,52,33,79
66,60,24,12,77
58,33,29,51,56
6,36,49,54,7
56,22,24,78,2
8,9,57,42,55
78,75,77,36,5
26,56,15,60,32
17,53,58,63,46
53,78,61,52,66
61,68,76,71,37
4,1,74,65,23
63,44,12,34,35
49,43,41,58,56
72,19,60,34,58
45,77,9,44,4
52,15,29,21,40
69,67,65,70,46
76,27,39,50,74
48,24,29,13,11
18,24,70,39,6
15,9,40,74,33
30,18,13,29,44
75,14,24,33,3
19,49,38,74,47
43,62,80,60,42
26,41,15,31,56
13,5,68,14,64
68,39,34,19,1
25,4,46,63,36
39,13,38,19,49
57,48,37,30,76
21,26,39,66,76
18,63,50,17,49
11,64,38,21,28
71,2,17,20,54
19,70,8,80,39
25,23,36,22,39
25,62,45,4,78
32,4,13,51,33
38,46,14,50,16
57,28,33,64,16
15,64,30,43,63
11,29,7,5,41
76,31,4,57,68
30,16,69,55,31
3,77,44,65,35
56,34,1,80,8
35,71,77,52,51
5,4,68,10,77
35,51,34,8,79
41,5,29,19,4
47,26,14,29,16
75,44,63,22,18
70,53,59,4,20
44,4,63,76,10
59,65,60,39,29
24,8,34,13,26
37,71,12,24,28
46,19,26,30,43
65,62,64,60,68
36,6,47,16,33
49,21,53,19,76
53,31,52,54,32
27,53,5,72,69
5,52,44,33,39
72,35,45,4,31
70,38,66,58,49
50,49,16,44,53
2,51,49,80,68
35,30,50,67,40
55,31,28,40,52
45,77,73,68,53
35,25,18,14,66
35,38,25,40,6
13,18,79,78,10
42,16,66,61,51
79,33,46,58,26
66,15,3,52,76
59,75,37,39,44
9,34,60,55,19
54,29,21,10,78
72,12,7,58,19
48,38,44,77,43
32,71,65,22,19
47,40,7,1,42
41,77,7,24,52
32,14,75,72,52
19,52,65,78,40
11,51,29,49,31
24,75,73,43,36
14,69,67,8,53
11,71,61,43,25
3,37,33,40,9
37,30,17,44,77
62,30,49,5,7
34,75,39,42,9
38,31,76,73,62
13,61,60,10,42
65,30,16,58,42
24,40,26,56,32
9,28,80,13,48
51,5,66,21,43
38,12,62,61,14
61,47,64,22,7
4,59,46,54,15
70,7,73,74,9
80,70,79,18,3
27,6,46,40,71
19,44,40,73,71
17,4,39,21,76
14,72,74,4,73
18,15,55,5,78
26,21,54,42,50
40,38,18,72,68
60,21,2,34,47
42,79,52,21,66
3,8,66,36,6
43,21,60,42,7
3,19,22,16,38
15,78,71,52,66
60,80,1,56,68
35,29,75,38,43
8,31,61,32,10
42,23,40,47,20
79,73,71,58,45
40,18,70,13,52
60,33,47,1,64
78,28,7,4,29
15,9,79,10,54
43,15,44,20,14
58,1,15,31,74
39,28,66,17,14
24,54,64,60,7
40,71,41,72,52
79,54,72,52,12
33,12,25,70,26
30,11,26,80,61
17,44,19,6,10
76,39,78,62,8
24,56,41,10,61
36,18,34,41,69
10,28,78,7,62
24,50,57,44,38
53,21,66,18,3
54,12,42,21,56
79,60,29,77,61
47,8,26,25,78
57,30,54,23,67
30,33,4,47,39
60,23,67,24,69
52,44,20,23,69
34,66,60,54,51
16,64,45,78,13
70,61,44,24,27
61,16,70,66,7
5,78,44,69,42
64,39,56,73,22
62,36,78,77,49
38,58,34,61,31
31,45,61,18,71
11,40,7,51,18
39,78,19,10,33
58,5,12,47,16
32,76,18,72,41
2,66,56,27,33
68,28,22,38,46
42,63,77,35,45
45,72,18,23,56
17,8,46,53,74
66,27,58,19,3
8,10,4,34,70
46,22,18,32,72
79,5,41,74,56
73,48,45,77,33
65,67,62,26,33
18,75,56,42,21
45,52,77,39,9
42,76,40,26,74
27,48,76,55,33
74,44,73,65,46
70,36,42,10,62
23,3,10,51,32
70,4,19,29,33
73,52,4,42,56
12,59,16,40,8
14,2,16,34,54
65,25,15,70,51
45,39,35,31,7
80,40,44,31,51
8,11,35,29,55
15,45,13,21,53
8,49,18,79,11
16,30,25,62,73
37,48,38,78,36
35,29,41,59,1
32,33,74,43,20
20,22,39,50,29
78,65,41,80,74
18,39,54,28,74
50,57,27,9,30
13,42,31,10,1
2,18,46,61,74
45,63,38,9,26
21,18,9,52,32
3,19,36,46,64
31,24,28,12,70
42,55,63,12,64
23,78,15,45,43
55,30,78,28,36
22,55,44,19,73
46,1,60,7,31
15,4,6,32,29
49,74,38,5,64
26,10,74,22,70
31,56,72,49,9
49,26,33,41,46
28,24,21,23,72
2,4,40,64,78
5,48,33,68,34
45,7,48,68,5
11,55,64,24,22
73,48,41,6,34
29,33,36,64,73
48,61,40,66,54
57,76,4,3,10
23,42,57,58,78
23,33,7,53,77
13,48,73,78,50
59,29,56,3,26
73,47,43,28,53
57,13,37,47,40
78,42,35,11,80
66,73,80,44,37
4,8,27,46,6
10,43,35,62,18
53,59,5,18,28
55,39,70,51,46
28,34,41,53,33
53,26,40,42,76
16,43,17,63,11
8,39,68,51,57
13,9,48,69,14
41,12,9,46,34
29,19,30,73,16
56,73,10,52,66
71,36,35,40,25
54,12,4,26,62
2,44,49,42,63
22,53,36,59,54
29,80,37,26,75
69,77,10,32,44
56,65,72,29,68
23,40,55,32,46
67,25,2,7,30
25,70,10,31,12
28,12,80,78,73
70,47,45,31,22
53,25,10,67,61
11,48,22,7,63
51,25,63,14,28
19,49,73,40,79
73,64,68,5,31
71,5,50,29,36
9,72,41,70,16
43,20,24,13,42
41,56,30,10,69
47,14,2,17,29
80,29,39,56,22
47,49,4,69,24
18,50,51,34,40
2,7,29,30,6
64,48,50,38,30
21,45,10,75,6
50,21,16,32,6
70,35,20,13,18
34,49,38,70,19
76,46,14,51,39
32,80,4,2,53
52,6,25,27,37
11,22,72,39,10
20,45,69,80,59
24,26,40,55,42
53,35,68,58,3
64,56,80,1,16
38,64,32,31,42
17,26,24,69,18
41,56,78,17,18
68,3,58,15,37
77,21,22,13,65
75,18,55,43,8
35,13,10,74,12
41,70,52,17,20
11,73,59,25,36
59,38,42,2,44
67,51,49,17,32
52,26,79,28,58
56,39,30,76,16
63,39,47,54,3
14,69,34,23,54
49,46,12,44,3
36,15,3,47,43
3,19,13,43,9
1,6,31,49,21
80,25,32,68,27
36,35,2,53,59
58,40,66,48,16
54,17,20,78,5
5,54,64,52,1
14,64,3,73,12
2,69,61,3,22
12,19,72,56,76
27,46,59,54,6
64,30,3,17,52
70,44,36,19,60
34,47,4,3,65
31,37,26,49,1
61,16,32,24,33
74,56,16,18,31
46,51,57,27,67
55,59,41,4,48
12,39,4,24,69
54,27,69,53,36
18,27,46,71,61
16,44,58,64,2
61,22,42,64,72
6,52,42,19,34
35,56,17,38,28
75,32,17,78,53
50,3,65,70,31
53,43,11,6,41
17,51,37,55,61
64,19,53,49,9
30,34,8,44,37
39,71,59,10,43
53,38,57,36,28
28,71,55,80,45
74,25,47,22,51
31,51,56,69,13
80,25,50,16,49
7,47,61,54,11
36,61,48,62,79
20,72,40,38,32
48,15,25,49,23
44,73,75,76,22
66,56,33,67,51
18,2,5,45,70
36,37,19,17,14
43,21,5,58,74
16,11,22,14,3
45,20,52,74,57
34,71,41,21,75
79,37,16,23,24
6,79,28,19,44
39,10,55,49,23
50,63,67,29,40
45,42,64,20,49
26,35,73,71,80
50,41,59,68,45
46,40,72,73,59
61,1,15,48,33
7,77,61,53,34
59,50,79,32,77
40,46,51,78,36
14,29,63,65,41
21,46,69,2,44
6,70,79,51,27
59,73,45,78,2
20,31,79,61,76
61,47,32,41,77
28,69,5,55,52
28,3,22,35,45
15,54,48,70,38
73,79,50,40,46
30,78,15,61,2
56,49,79,36,18
2,52,39,16,36
62,1,20,24,12
75,9,4,64,74
36,13,5,69,14
72,13,77,8,40
78,65,33,36,49
55,47,10,6,28
68,52,46,50,12
61,7,19,27,13
67,76,11,32,55
11,25,50,67,7
4,70,23,45,14
18,25,57,4,74
31,19,55,45,7
8,16,79,37,64
50,9,73,23,1
29,50,74,24,32
19,33,39,20,22
49,61,55,42,69
42,51,57,64,49
8,22,52,28,58
78,34,33,14,55
41,24,60,51,73
52,49,74,56,41
28,26,55,17,36
8,59,39,77,78
56,70,30,72,39
62,51,77,26,14
58,49,34,16,59
10,50,38,36,13
79,13,7,66,5
20,14,75,34,73
18,46,47,4,13
3,21,41,67,7
47,76,15,31,36
31,79,18,22,45
35,27,40,5,28
37,44,59,24,40
3,13,45,37,5
28,46,44,54,19
76,2,74,38,77
13,39,2,5,55
3,9,54,56,61
38,41,32,11,14
35,19,49,27,78
13,69,11,24,64
54,39,51,38,31
70,55,29,9,35
52,6,39,31,46
39,16,38,44,71
24,48,77,57,10
54,58,46,59,70
56,32,73,49,19
15,69,17,44,52
68,75,59,72,30
55,34,24,9,52
42,66,58,4,20
41,61,25,9,40
19,62,39,30,4
7,34,60,61,66
19,79,15,18,70
12,14,26,68,66
4,14,45,41,10
47,59,23,46,8
49,6,75,1,9
62,75,11,16,20
74,77,7,66,11
75,38,6,41,80
38,66,56,64,3
13,4,63,30,49
14,80,67,36,42
67,75,54,5,57
39,55,15,41,1
43,29,26,34,79
71,80,7,44,26
60,15,57,33,40
30,78,71,47,41
62,56,41,34,38
63,16,8,70,28
47,78,56,77,23
40,15,71,72,20
8,75,59,72,50
23,59,12,43,32
55,56,2,12,35
69,62,46,70,50
77,21,80,76,39
6,70,43,65,23
41,18,30,69,7
16,77,41,67,11
75,59,69,43,77
70,46,5,47,13
29,28,6,50,39
25,37,27,16,1
69,10,45,27,71
27,58,41,59,35
75,77,7,68,72
25,43,35,48,1
41,46,34,68,39
76,9,74,10,67
73,25,55,26,53
80,38,32,43,11
34,49,25,30,66
9,18,75,30,54
53,62,7,74,48
31,76,7,78,11
43,11,32,58,61
35,42,19,65,54
2,62,60,11,42
34,32,48,65,18
9,19,28,46,76
7,71,74,65,23
43,11,73,18,72
2,59,53,51,42
21,12,77,13,53
61,77,65,80,31
38,31,37,67,49
16,61,5,24,65
36,68,61,39,42
71,22,13,41,42
38,46,26,74,8
52,29,32,42,59
28,3,25,70,51
45,66,79,33,25
13,44,66,28,45
12,80,29,67,44
12,27,69,52,57
34,55,18,11,39
39,38,48,15,79
58,54,79,2,76
61,46,37,19,14
31,9,1,14,70
34,14,4,7,73
69,38,50,66,6
7,6,52,78,31
80,31,25,66,53
31,44,25,3,64
13,15,77,25,42
56,72,80,26,16
75,55,56,28,41
66,77,30,60,7
49,14,73,10,48
54,7,53,40,77
50,2,17,70,61
24,30,41,58,31
14,11,24,20,70
33,65,71,39,66
63,65,35,18,48
29,61,14,60,62
54,42,61,11,2
68,22,72,18,61
24,21,73,38,79
7,18,13,24,8
31,52,76,63,13
76,71,26,64,69
60,28,34,8,65
1,60,23,31,41
49,15,61,46,64
59,55,19,74,15
31,28,69,17,30
9,38,4,33,28
26,70,18,47,25
12,52,18,75,63
22,43,8,25,46
32,61,9,64,75
4,63,21,56,67
60,17,14,69,64
44,72,66,29,5
39,15,67,73,30
38,50,61,11,80
26,29,22,47,60
34,54,19,61,63
18,37,6,57,34
38,41,19,78,53
63,56,8,37,58
34,18,40,55,37
64,27,67,45,43
45,38,16,71,32
39,40,35,71,42
24,37,54,49,57
67,4,19,79,58
43,80,11,70,77
62,15,72,65,52
79,10,40,55,22
36,58,4,75,11
1,74,80,4,59
79,18,33,56,2
64,68,22,44,43
43,14,17,44,57
57,59,77,29,79
65,7,8,13,49
76,73,32,16,59
62,28,10,7,78
3,9,69,53,42
8,11,48,61,25
71,25,61,54,38
61,3,43,19,34
46,45,51,4,2
18,79,78,31,14
43,59,2,60,56
45,8,63,47,42
77,12,20,69,64
14,65,71,5,73
49,70,72,9,24
47,32,78,5,34
68,43,1,7,14
37,70,32,46,22
16,49,23,40,13
8,71,54,43,49
23,49,38,32,74
71,75,13,48,73
38,39,23,7,12
41,18,67,62,12
60,14,54,32,13
70,31,39,28,34
53,5,26,51,39
12,62,5,8,11
52,80,1,53,57
27,33,56,57,73
36,54,51,67,37
60,15,42,27,63
23,57,78,55,3
9,54,19,40,73
79,80,57,21,65
25,59,2,42,36
51,25,75,8,58
19,2,1,10,60
66,19,31,28,53
63,43,69,65,28
29,24,43,13,38
44,51,61,63,17
69,24,37,16,41
66,2,22,14,35
44,41,47,63,69
56,39,13,33,26
1,73,17,13,25
16,37,71,6,52
58,78,33,69,64
76,61,18,49,46
52,4,71,46,30
73,76,53,9,44
25,70,37,24,35
51,79,40,59,33
53,15,66,24,65
36,63,50,35,71
33,26,58,77,48
38,40,13,64,71
9,38,20,31,4
19,48,66,50,17
58,79,14,70,37
50,6,56,2,80
31,25,79,48,12
62,57,10,53,49
77,63,65,12,74
30,76,34,8,18
31,61,2,16,55
4,11,51,38,39
63,55,44,34,60
64,50,27,16,15
28,77,8,70,78
10,12,37,38,65
69,36,34,70,51
22,19,40,73,7
62,74,29,33,12
45,73,53,70,42
64,49,9,24,39
3,69,25,60,44
79,70,62,41,80
58,67,12,40,27
21,31,40,11,41
48,55,68,3,13
46,8,10,7,45
76,27,3,47,66
73,40,23,72,27
52,11,23,33,70
71,29,78,38,73
72,24,39,60,31
43,59,19,52,74
36,63,3,8,44
22,2,25,15,74
27,34,49,28,12
41,2,9,53,60
36,60,20,10,58
65,63,76,56,15
72,39,14,5,57
17,77,55,62,35
64,51,69,7,49
9,15,67,23,41
40,57,43,32,11
25,50,36,1,62
50,73,71,60,34
61,66,8,59,20
17,48,21,20,42
53,29,61,58,68
59,45,56,61,7
26,64,34,42,78
52,60,46,56,65
44,70,49,31,80
7,38,33,58,76
32,69,42,13,59
67,45,44,49,46
50,33,26,79,44
40,34,46,17,1
33,25,9,68,53
24,18,10,40,17
33,25,79,11,1
68,64,35,54,49
50,8,14,10,11
17,73,58,7,40
67,11,23,1,53
16,57,42,22,51
1,70,79,21,28
23,63,45,26,22
4,31,38,47,78
78,49,25,76,70
63,76,58,28,49
38,64,12,79,32
33,1,46,21,76
43,2,40,23,66
37,32,69,44,19
23,7,46,63,67
21,33,55,37,25
42,52,1,22,33
78,38,52,62,9
51,16,41,54,34
51,37,32,22,47
65,18,13,71,39
74,41,69,24,33
61,75,3,17,29
40,32,8,23,44
73,14,37,33,8
14,9,79,41,32
63,51,10,34,17
20,48,28,14,43
47,30,22,18,52
31,53,20,28,15
75,49,74,33,6
59,74,44,5,79
31,19,42,22,12
10,37,63,29,7
20,53,70,18,9
57,35,39,10,70
59,16,32,23,11
30,54,66,21,72
18,4,27,56,17
23,5,61,50,47
7,11,34,74,47
6,45,17,23,5
59,45,18,52,28
16,62,55,3,36
75,68,12,44,19
10,31,54,25,32
5,14,24,25,1
22,44,45,35,19
40,20,3,60,57
76,75,35,49,56
48,49,15,13,80
29,3,69,79,65
21,23,52,29,7
40,51,37,74,64
46,42,31,56,7
80,46,62,76,57
15,56,58,30,43
3,25,39,21,17
58,75,22,17,39
62,41,6,7,39
27,61,45,46,75
48,10,36,77,71
59,69,15,46,55
47,30,54,19,55
80,35,4,9,20
78,16,27,12,28
15,56,44,8,16
57,37,65,35,14
67,53,51,12,28
70,33,53,19,50
20,80,46,49,14
27,56,30,16,2
52,32,72,45,1
20,76,44,6,48
53,47,40,9,48
43,19,7,36,74
40,54,33,25,71
21,13,6,18,80
4,8,32,20,15
78,63,19,75,42
29,34,66,25,59
64,53,4,22,49
3,48,59,9,79
3,23,74,73,51
72,43,7,59,53
47,13,5,63,39
22,63,25,30,57
35,56,63,11,77
24,26,7,28,72
7,36,26,10,35
1,79,50,61,9
25,45,44,2,65
7,36,57,67,8
64,72,16,58,38
3,16,32,5,38
80,59,9,62,52
3,1,27,2,65
72,79,52,26,74
30,43,4,28,12
3,76,40,36,52
22,28,6,71,45
3,46,60,14,22
72,47,5,63,54
33,75,34,6,21
69,9,1,78,27
31,15,63,56,27
66,71,56,6,40
34,15,7,52,19
58,72,18,5,4
15,73,5,25,14
41,7,53,22,28
1,68,73,26,64
16,73,64,29,62
9,52,75,30,59
66,79,7,26,3
23,54,73,2,18
11,45,35,64,50
61,63,24,32,51
71,38,9,18,73
5,51,73,9,50
68,20,14,39,3
29,13,48,6,76
28,39,9,11,47
38,25,6,33,23
65,38,70,27,44
7,11,47,10,39
2,43,28,64,44
10,3,64,21,14
29,7,17,42,43
74,41,36,38,1
63,53,3,56,24
40,55,70,64,16
14,53,67,25,32
3,52,11,56,59
27,37,56,66,68
19,55,52,25,20
26,3,62,38,5
72,56,45,25,22
33,31,68,80,48
15,63,10,17,67
63,14,8,28,64
38,4,27,18,47
16,49,56,12,67
53,32,3,37,11
22,77,27,12,28
57,49,30,56,74
67,69,24,57,77
21,18,54,32,38
45,18,70,30,28
65,10,59,79,7
77,49,9,57,6
60,31,79,35,19
4,31,18,8,19
37,78,10,41,47
18,9,29,69,80
67,33,53,5,43
12,50,79,30,44
9,51,65,48,80
61,68,67,52,15
19,49,33,30,8
73,29,62,21,40
31,13,49,56,1
80,47,70,74,18
49,7,52,73,16
19,40,30,60,75
74,18,75,44,66
54,51,61,60,12
61,32,48,54,21
13,49,48,35,53
34,19,73,54,13
76,34,12,25,27
44,14,43,12,16
23,42,50,61,80
39,46,38,76,8
32,60,69,13,53
67,50,66,70,3
2,70,52,77,53
76,60,13,33,75
79,66,64,70,35
58,10,64,52,21
79,48,27,12,46
49,15,31,52,30
43,79,38,44,31
35,65,34,30,20
30,40,36,39,23
38,22,53,20,45
33,27,37,53,60
35,58,57,50,6
57,74,79,19,52
39,41,51,2,73
80,27,20,5,70
30,67,15,24,57
67,13,26,54,5
48,44,21,28,1
5,28,31,22,6
56,75,48,39,17
62,44,54,64,37
24,52,76,56,41
72,46,38,44,80
23,37,21,50,55
76,39,34,47,75
40,25,48,11,73
52,53,78,47,71
15,26,51,65,58
20,2,55,12,47
24,57,40,62,52
77,44,66,1,20
12,65,78,52,9
47,17,8,7,55
76,26,74,3,63
40,14,28,4,5
57,44,70,16,29
40,3,77,61,35
77,5,80,43,19
67,4,52,8,59
42,56,44,1,14
77,66,57,72,38
1,80,7,39,9
65,70,59,56,71
9,38,57,27,48
11,74,17,12,57
48,27,75,38,58
73,37,23,69,21
31,58,34,36,62
1,6,70,65,38
53,71,37,76,17
56,11,17,48,26
74,62,20,47,43
35,30,76,48,19
69,78,57,25,38
77,69,17,36,67
62,26,32,77,45
44,17,18,25,15
18,35,63,68,29
58,50,36,75,55
2,28,6,4,1
17,4,62,19,51
66,53,7,15,45
48,28,1,7,73
11,29,36,38,67
16,5,40,34,73
76,80,4,19,48
47,68,1,71,17
29,16,2,12,14
56,71,27,45,44
78,16,36,26,41
55,12,76,49,1
30,76,56,38,9
26,14,75,27,12
80,51,6,28,32
46,58,43,11,6
41,58,61,66,80
7,59,32,10,54
31,74,10,61,37
32,25,62,30,3
74,60,17,31,51
69,17,73,50,76
40,68,80,20,59
11,49,46,60,71
51,12,33,60,80
29,42,11,72,63
78,3,33,77,44
18,54,35,50,37
8,22,48,59,76
16,37,3,32,50
1,21,46,56,79
2,28,51,53,77
12,36,38,50,53
6,18,42,56,72
15,23,25,29,71
14,22,24,59,72
16,25,27,33,74
14,35,53,64,77
21,22,40,51,74
4,27,44,61,71
13,16,18,21,36
1,9,51,59,74
27,32,54,57,80
4,6,35,64,65
2,3,45,49,60
3,7,10,23,43
1,20,40,42,75
42,54,55,70,74
9,16,20,34,53
15,20,23,78,79
1,3,18,46,64
24,25,34,50,65
53,57,62,70,78
6,7,9,36,45
7,12,36,39,50
17,23,52,70,71
3,10,35,47,59
5,6,12,50,61
2,7,9,27,59
42,56,61,76,79
32,34,52,68,73
10,25,33,43,68
18,21,23,54,74
3,4,7,14,39
1,21,33,39,48
22,26,34,39,40
2,8,36,45,64
27,28,50,65,76
12,19,33,44,67
7,10,18,57,74
28,30,54,67,74
6,29,36,44,68
29,46,53,63,68
1,14,49,71,74
16,26,37,40,62
13,14,16,21,69
10,27,29,61,66
9,28,34,40,42
6,16,31,36,53
3,22,42,71,79
28,48,50,64,71
7,30,51,52,69
44,46,53,59,65
8,19,20,28,34
11,25,29,52,53
6,17,31,40,66
25,52,53,58,78
1,21,50,55,68
10,20,29,65,76
17,20,43,68,74
4,41,49,55,80
4,42,67,74,75
5,34,45,49,58
5,6,55,70,73
4,69,70,72,80
2,13,27,78,80
61,60,71,28,11
2,18,64,67,77
7,13,37,56,64
9,23,56,64,73
25,46,52,61,74
20,48,50,75,76
23,41,46,53,71
16,18,46,56,80
2,20,39,53,60
51,21,58,10,5
26,32,38,68,72
13,17,23,49,71
13,22,29,68,72
15,52,55,62,79
13,15,25,39,44
3,14,22,32,41
3,11,24,54,65
14,21,33,34,45
7,22,23,50,76
39,51,57,75,76
8,27,44,66,75
21,28,51,65,69
26,37,39,66,71
23,25,29,52,55
32,63,66,76,77
13,61,65,67,79
2,10,29,33,54
16,19,21,23,32
6,21,22,52,74
3,35,39,63,69
24,26,37,48,71
4,6,18,40,74
11,46,55,75,78
21,38,52,60,66
7,21,54,62,77
8,14,43,65,76
20,37,46,61,74
43,51,75,79,80
9,50,63,67,76
5,50,56,60,62
3,5,22,30,60
22,61,63,66,80
16,25,27,28,69
5,8,31,32,41
2,4,55,60,65
22,34,36,42,62
2,16,32,63,67
30,35,49,51,69
17,60,67,74,75
25,27,55,61,69
14,26,36,37,69
14,26,51,55,64
17,27,35,54,76
27,29,34,64,73
49,55,56,68,71
27,34,35,42,62
3,28,41,58,75
14,27,41,68,78
7,60,62,67,74
12,23,50,52,55
19,23,32,38,61
17,24,50,56,66
16,34,37,42,70
18,41,58,62,73
10,21,43,64,68
3,24,27,58,69
45,69,72,77,79
19,35,38,39,78
3,19,32,59,63
17,26,31,33,63
8,41,56,65,74
31,32,34,54,59
37,46,49,62,73
10,19,24,34,72
5,13,14,34,63
38,46,50,65,69
3,11,19,31,39
10,14,32,53,61
26,37,61,67,71
3,24,48,52,71
5,7,12,16,66
1,10,36,62,64
4,9,31,40,58
7,11,21,51,58
3,13,17,47,60
6,37,43,61,62
7,71,73,76,79
19,21,64,70,72
3,31,47,77,79
6,14,18,71,73
3,27,30,33,59
10,27,30,72,78
8,23,50,65,73
14,19,32,37,45
12,13,51,67,73
16,37,54,68,77
4,7,19,35,56
21,29,46,59,76
1,5,52,53,71
28,43,56,57,77
2,43,45,64,68
6,20,21,46,63
9,24,28,31,45
62,22,38,29,58
20,33,48,69,70
9,44,46,57,59
6,21,31,37,64
1,20,23,25,49
30,60,65,68,75
5,14,15,66,68
9,33,48,67,73
1,27,29,36,73
29,60,64,72,79
11,16,23,44,48
22,29,34,42,51
37,38,57,67,79
12,18,37,47,56
18,22,27,74,75
3,15,30,56,72
15,26,30,44,69
20,33,62,63,69
2,31,41,43,44
12,21,27,45,75
7,9,19,45,80
9,14,16,52,71
20,25,57,67,78
13,29,41,61,74
8,25,42,60,63
4,11,24,25,32
2,27,35,44,55
42,50,52,66,72
7,12,29,54,55
12,30,48,70,75
67,64,9,5,41
2,10,11,15,66
5,14,31,38,75
22,23,42,54,65
12,24,26,39,40
8,16,18,22,73
32,33,43,46,52
1,18,52,67,72
12,18,21,31,69
2,8,40,55,60
16,24,42,71,75
14,27,39,48,61
15,21,56,79,80
6,51,53,54,57
32,43,50,57,75
14,52,54,65,77
13,23,37,56,80
13,14,37,66,75
9,19,24,59,61
2,53,57,62,64
10,28,60,62,74
13,18,43,47,53
19,25,63,74,77
13,32,56,73,74
18,34,38,40,43
5,9,12,23,71
17,24,47,49,66
14,18,59,60,64
4,12,63,78,80
10,13,22,50,66
10,11,12,23,37
8,20,64,68,73
2,8,12,53,54
19,22,53,69,77
7,39,48,58,62
2,16,19,26,27
14,23,26,56,77
7,11,24,42,49
16,20,34,56,57
2,21,38,54,73
10,20,44,58,65
12,14,42,61,69
31,41,75,76,79
15,42,54,68,76
1,19,27,36,57
1,21,27,48,78
1,19,50,52,54
2,3,30,39,72
20,21,43,45,67
3,7,45,46,65
20,30,36,48,53
12,16,53,64,66
5,23,50,65,67
12,27,28,30,36
33,36,56,58,60
2,9,17,66,76
4,16,17,35,49
5,6,16,54,70
4,50,51,52,77
6,43,50,63,71
1,19,59,65,80
4,6,27,68,74
11,25,29,42,66
7,30,33,52,69
8,16,32,74,79
2,32,40,53,54
11,25,49,51,53
18,29,37,51,57
13,49,57,67,78
3,20,27,32,61
1,8,13,53,61
17,20,30,33,68
13,34,55,64,80
13,31,45,56,63
35,42,55,60,78
4,18,55,57,74
2,19,50,59,69
6,9,27,43,65
3,23,58,62,74
4,27,46,53,55
41,47,49,70,74
6,17,49,65,70
12,23,39,54,72
27,55,66,73,75
5,25,52,57,62
16,61,65,72,78
7,52,68,69,76
5,23,36,67,70
66,73,75,76,79
3,25,60,62,75
25,43,52,59,75
11,40,50,74,78
3,12,24,36,40
27,54,63,71,77
19,25,32,68,71
20,35,37,42,71
34,41,50,67,77
31,49,52,63,71
5,18,24,43,48
12,14,60,66,68
13,21,32,33,66
40,42,48,64,69
6,39,41,61,64
2,20,26,42,79
4,10,15,42,45
10,19,39,52,66
20,39,72,73,76
10,18,22,31,73
30,49,72,78,80
2,3,27,64,65
2,7,57,59,76
5,18,21,41,71
15,33,39,76,78
5,14,31,41,49
2,18,31,38,49
5,7,21,28,70
11,12,57,59,69
9,26,31,36,65
42,56,62,65,79
44,52,54,56,60
17,45,64,67,69
21,31,44,65,74
9,23,31,60,80
43,51,54,69,73
12,13,14,56,60
20,23,31,35,76
8,26,28,29,30
5,36,39,70,78
10,15,22,55,79
2,29,46,69,76
9,44,57,67,68
1,15,63,72,77
7,9,11,25,75
5,15,38,48,77
13,16,31,39,70
12,21,42,60,66
6,29,40,63,72
1,14,26,34,72
11,24,63,64,69
2,25,54,63,66
44,52,60,64,68
13,33,38,39,72
1,28,56,65,79
17,33,52,60,76
20,32,49,54,62
4,15,44,64,73
5,16,26,28,62
9,21,37,42,68
4,45,54,65,67
19,44,53,54,71
27,57,60,61,77
5,15,32,33,48
13,30,58,63,64
25,45,60,76,79
7,07/04/1994,9,21,37
6,03/04/1994,4,45,54
5,27/03/1994,19,44,53
4,24/03/1994,27,57,60
3,20/03/1994,5,15,32
2,17/03/1994,13,30,58
1,13/03/1994,25,45,60